,uri,title,artist,cluster
0,spotify:track:4xBHZ2Mr0gCdFYXrPZuYXO,Lonely Day,System Of A Down,0
1,spotify:track:0snQkGI5qnAmohLE7jTsTn,Toxicity,System Of A Down,3
2,spotify:track:4r1AS456lSXXXv6aVpDT4e,Sun in an Empty Room,The Weakerthans,2
3,spotify:track:563RrhWUWOYNGW5vhxHSH7,Harmless,Gregory and the Hawk,2
4,spotify:track:4ca03o6ZZsFA0LB620kpKI,Chasing Birds - Preservation Hall Jazz Band Re-Version,Foo Fighters,3
5,spotify:track:21Phj46KeUHOWyZW9A9b7P,Alberto Balsalm,Aphex Twin,3
6,spotify:track:1Oi2zpmL81Q0yScF1zxaC0,"Bills, Bills, Bills",Destiny's Child,0
7,spotify:track:6ZJqCviTotiIujl1rfcL53,Passion,PinkPantheress,3
8,spotify:track:1bFPKxP56XWDXJOwo3Kvfp,Needle In The Hay,Elliott Smith,2
9,spotify:track:4zYTZvtcww7OWKie7fxA9E,Hit 'Em Up Style (Oops!),Blu Cantrell,0
10,spotify:track:1GIPP103zfsythULEpsmdw,The Great Escape,Patrick Watson,0
11,spotify:track:25nzKGDiua1lE9Qo5V19GL,Young Blood,The Naked And Famous,3
12,spotify:track:4ZAzfI4PGM6CI174V4FzdO,Opening,"Nate Wonder, Roman GianArthur",2
13,spotify:track:6fcJCdlx1AOBFCD1lIJcrf,Just (After Song of Songs),"David Lang, Trio Mediæval, Agnès Vesterman, Garth Knox, Sylvain Lemêtre",3
14,spotify:track:4CQHuLMWDZaoCNyNmnJHVf,The Hidden River of My Life,Sufjan Stevens,0
15,spotify:track:1zb2Jn4lYn15sVBpNkxNZy,The Old Man,Yom,2
16,spotify:track:4spUOLlrBfFT9DBL6Yojbg,Aline,Jarvis Cocker,3
17,spotify:track:0klWdioTGhUqTEKgcd6Ltf,Fistful Of Love,Antony and the Johnsons,2
18,spotify:track:3ZFurUI2qESabUHHyIlxa8,Lady Grinning Soul - 2013 Remaster,David Bowie,3
19,spotify:track:4XTGDKcerI21v4k1Au2H1L,Going To A Town,Rufus Wainwright,0
20,spotify:track:5KrTIoePTb1n18C5kndpKX,See You All,Koudlam,3
21,spotify:track:5kG795VUPFioSBKnZuf7Uu,Reason or Rhyme,The Bryan Ferry Orchestra,1
22,spotify:track:26NHHiiY8NiAx0jcU0WwF7,La Ba'den,Yasmine Hamdan,3
23,spotify:track:5xYNLzZzgN3r6YPcQgNcJD,Qu'ils ont de la chance,Disiz,2
24,spotify:track:7F83IxwksIdCgxk30MUPXM,I Never Really,Anna Leone,0
25,spotify:track:3vXnuFnC5RhPGwsFi0ORcI,Santé,Stromae,0
26,spotify:track:0gplL1WMoJ6iYaPgMCL0gX,Easy On Me,Adele,3
27,spotify:track:0d2O5TNHO2T5XR95TVmgfp,Default,Django Django,0
28,spotify:track:2wqs8x06yNZCTrLiqQRoLu,Bones,MS MR,0
29,spotify:track:0LtOwyZoSNZKJWHqjzADpW,Feels Like We Only Go Backwards,Tame Impala,3
30,spotify:track:5cIWkWH6xVdEllQ9ksuu2E,Sun,Two Door Cinema Club,0
31,spotify:track:3L740L9Y186igjbzxz7Vfr,As the World Caves In - Wuki Remix,"Sarah Cothran, Wuki",3
32,spotify:track:0pMUR7Uvp6vxlbG0qBFvgM,Better Off Alone,Alice DJ,2
33,spotify:track:0yc6Gst2xkRu0eMLeRMGCX,Apocalypse,Cigarettes After Sex,3
34,spotify:track:1pWOJi4RBIJfE1EG9Lapa7,L'aérogramme de Los Angeles,"Woodkid, Louis Garrel",0
35,spotify:track:57TwkG6mUvWDZsEqARyeI2,Pause,"Eddy de Pretto, Yseult",2
36,spotify:track:5Mwwrp4vtCAhExnFFHbwBt,INDÉLÉBILE,Yseult,3
37,spotify:track:2m6Ko3CY1qXNNja8AlugNc,Angel Baby,Troye Sivan,2
38,spotify:track:3wA4ronkc8ZcPXUP0fDgYA,Bad Day,Justus Bennetts,2
39,spotify:track:4RBXwV823xrI9lSqcbe8nM,Les Tuileries,Colette Magny,0
40,spotify:track:4p9P5bE7ocFm5P5gl5c7ED,Radio Girl,Pi Ja Ma,2
41,spotify:track:5zOnoB8FdZudDcPX4O8WqF,(No One Knows Me) Like the Piano,Sampha,3
42,spotify:track:11Yx9ADkGhUJ4FuBjOewV4,Needle In The Hay,Elliott Smith,0
43,spotify:track:6vxHp3CDNo0afgKGp2yi1E,Me and Julio Down by the Schoolyard,Paul Simon,2
44,spotify:track:2ZRBKVRMQ9OK4EeTaMHHSY,These Days,Nico,0
45,spotify:track:6AYFKOPbmd12rUP5DalRwB,3 Rounds and a Sound,Blind Pilot,3
46,spotify:track:5yWVfYEeQRPuFtytvkOgU1,Beautiful Ones,Suede,0
47,spotify:track:0CcL4kSHKIEwF3IW0BGgb6,I Can't Stand the Rain,Ann Peebles,0
48,spotify:track:0EqtsCvcDjEz6svFsaV5HN,Save Me,Aimee Mann,3
49,spotify:track:6ebxt3Iylxe0GcEuUGlIvb,Dreaming of You,The Coral,0
50,spotify:track:3LuaxVf1C3jAJO6kzQgbIg,Me in 20 Years,Moses Sumney,0
51,spotify:track:6OTKVgVpVaVjhRLYizPJKA,Just for me,PinkPantheress,2
52,spotify:track:5sT9L8WpqE9Ux1LpNyHGWi,Creep,Scala & Kolacny Brothers,2
53,spotify:track:5t9NGItU3zSKafLxtEGnfs,The Invisibles,Suede,3
54,spotify:track:2eVk9ZFOQzqsvctaTougLJ,As One,Suede,2
55,spotify:track:4zF31YfToEaxF2eWNfWVoV,Life is Golden,Suede,2
56,spotify:track:5SixeLvPsYpk7qq9lo5xYg,Have Mercy,Chlöe,2
57,spotify:track:4PogesCtj51SnEM2ZqLp6r,Like A Boy,Lauren Weintraub,2
58,spotify:track:1U2L6NW89IIy6Gw63C4eP2,Only You,The Flying Pickets,2
59,spotify:track:58RdxKqvxh631GXrvTxJ2z,Caravan Of Love,The Housemartins,3
60,spotify:track:36WtQjrOw4vyYsErsyUvQO,Susanna,The Art Company,3
61,spotify:track:1SssFw74DdHVjRa6ADggdD,Sweat (A La La La La Long),Inner Circle,0
62,spotify:track:6JNJERZGJwDVgkmbohBw7u,Self Control,Laura Branigan,2
63,spotify:track:273uCXd7NPrInaiNqtkOrA,Tarzan Boy,Baltimora,0
64,spotify:track:0PP933bHgvV0eD19dG3ms5,Here I Go Again 87 - 2017 Remastered Version,Whitesnake,3
65,spotify:track:54b8qPFqYqIndfdxiLApea,Alone,Heart,3
66,spotify:track:0jdbVCxHze7xkrdyac3Ksn,The Path,Lorde,3
67,spotify:track:0Kz5vvRcPU7MdbLZpDBBNS,She's My Sunshine,Celeste,0
68,spotify:track:23Uv9xqLumDqEBNIdHhCcO,I Hope That I Don't Fall In Love With You,Tom Waits,3
69,spotify:track:1mJq3tpVwEQF1Bxmo4A8tk,Amnésie,Nhyx,2
70,spotify:track:05fHQeRbCSjKVS6z0WbQKJ,Every Time You Go Away - Radio Edit,Paul Young,2
71,spotify:track:2vY1TTvsBEiJimvFrK8uLa,Lilith - A COLORS SHOW,Melissa Laveaux,0
72,spotify:track:31Zdv8kcqFur5RjW0NlY6R,Soft & Tender,November Ultra,2
73,spotify:track:3Vby4nGmtbDo7HDJamOWkT,Stuck In The Middle With You,Stealers Wheel,0
74,spotify:track:7LNP6YNYDeMgBeG4JBfAdq,(I'll Never Be) Maria Magdalena - Single Verison,Sandra,0
75,spotify:track:6mYrhCAGWzTdF8QnKuchXM,If I Could Turn Back Time,Cher,0
76,spotify:track:0PHtqp2pfujqDSIXdmBBUn,Nuit sauvage,Les avions,0
77,spotify:track:0fdY1lEmxCVcl8wLvbTaO1,I Love To Love,"Bon Entendeur, Tina Charles",3
78,spotify:track:6LiSKmydkrh9MgTFvKW4o4,The Rhythm of the Night,"Raygun Music, Loïs Grant",2
79,spotify:track:4d3QT8EyzdU5ShmEM71nRc,In This Shirt,The Irrepressibles,3
80,spotify:track:7GO1kqu9lTUWh5gkJbC2y0,The Thrill Is Gone,"Camélia Jordana, Erik Truffaz",3
81,spotify:track:2DFo342cqI8tJHDmO0p052,Exist For Love,AURORA,3
82,spotify:track:6IfOFGLpJmYSyrKed5N3gk,Fine Anyway,Rogér Fakhr,1
83,spotify:track:7u7UBBz5vYoUUdiP74I5Jx,Ça va aller - avec Pomme,"Terrenoire, Pomme",2
84,spotify:track:4uawMXx8VZ7WMrjAVOaCMe,Bittersweet,Lianne La Havas,0
85,spotify:track:2CTOa3CEBts3p1NyTVLTXU,What He Wrote,Laura Marling,2
86,spotify:track:2ALXKyI9lB1HoIwJh7I2v0,Petite Fleur,Sidney Bechet,2
87,spotify:track:6A8BvPrNOo5l1j3c80KhAb,A Mermaid in Lisbon,"Patrick Watson, Teresa Salgueiro",2
88,spotify:track:3sTN90bIP2cJ1783ctHykO,Love$ick (feat. A$AP Rocky),"Mura Masa, A$AP Rocky",2
89,spotify:track:56FVhdOY2TBbU1PFnboAO9,Bruxos,Pongo,2
90,spotify:track:3oknxh5JkdkyOV7UAE1zOh,PATCHWERK (with Two Feet),"Sub Urban, Two Feet",0
91,spotify:track:3Qj2f7BrpJNGj3dbxKpOlp,California (feat. Warren Hue),"88rising, Rich Brian, NIKI, Warren Hue",3
92,spotify:track:4YMc3A256xFBS0xcT77Qce,help herself,"bbno$, Diamond Pistols",0
93,spotify:track:1hz7SRTGUNAtIQ46qiNv2p,"GONE, GONE / THANK YOU","Tyler, The Creator",3
94,spotify:track:51PSUD2YHjPyAy3jnkaoy7,A-O-K,Tai Verdes,1
95,spotify:track:67BtfxlNbhBmCDR2L2l8qd,MONTERO (Call Me By Your Name),Lil Nas X,2
96,spotify:track:34eF4BoV8FPk0uhAAoqU7h,SUN GOES DOWN,Lil Nas X,2
97,spotify:track:1QL7nSDZCwZMnbisV4KOXt,t r a n s p a r e n t s o u l feat. Travis Barker,"WILLOW, Travis Barker",2
98,spotify:track:6XNANAB7sFvkfho6bMCp7o,Summertime In Paris,"Jaden, WILLOW",1
99,spotify:track:2ZxkcZSbSNA272HSUWd4bZ,Olê Olé,Seu Jorge,3
100,spotify:track:5SsR3wtCOafDmZgvIdRhSm,Man Of The Year,ScHoolboy Q,3
101,spotify:track:5DOR49R0fehoBmyNL8m4sN,Hell Of A Night,ScHoolboy Q,0
102,spotify:track:5FjY0HhXdLRXRkIEMd5xPQ,The Landing,Justin Hurwitz,3
103,spotify:track:3xKsf9qdS1CyvXSMEid6g8,Pink + White,Frank Ocean,2
104,spotify:track:1Z1BSrmGhjw4FVEtySGI54,Dark Side,Blind Channel,2
105,spotify:track:7mEDVrAHDnQJStDo8jKJJm,SHUM,Go_A,2
106,spotify:track:1lWWoec2z1j88GRblI5anV,ZITTI E BUONI,Måneskin,2
107,spotify:track:5VWtavZNYlK6m6MQY6YRg1,Silk,Wolf Alice,3
108,spotify:track:5hnx6uqwVsIj7L8D4ME4Li,Lips,The xx,0
109,spotify:track:0Cr3j6qhDItBeFbAzdXtN2,VCR,The xx,3
110,spotify:track:20WAt9YhZFXIPeZNZtHNrK,Ye Ye Ye,Geoffrey Oryema,3
111,spotify:track:5VWQh6J7xcMG546zQbkMjH,Premonition,Eels,3
112,spotify:track:4SWJErMlz04PD25oDwB3WL,The Deconstruction,Eels,2
113,spotify:track:35G8CawlmPk3cuaGP4ghCi,à perte de vue,Pomme,2
114,spotify:track:1y472Lgq4XgGDPeKQQKsPQ,Une autre histoire d'amour,Tim Dup,0
115,spotify:track:4TfPtTbJtk5diKYuubTP9e,I Can See The Change,Celeste,2
116,spotify:track:3LAeNhaSAvEvkUvMhkQQIG,Il Mio Rifugio - Original Motion Picture Soundtrack from Tandem,Richard Cocciante,0
117,spotify:track:6g7BOAGapOkrpCfSLgvaUv,The Lonely Night - Reprise Version,"Moby, Mark Lanegan, Kris Kristofferson",2
118,spotify:track:3s1mWQDMNcjGDalG0qpll4,Celebration,Yom,0
119,spotify:track:1hSfy2mQ4UGy93eVU4wrKP,Tout simplement (tout doucement),Bibie,0
120,spotify:track:3zYQ1KXzqBWRsxIqdVMoYF,Need Your Love,Curtis Harding,0
121,spotify:track:55sjCMeQM26VxbNHhMtj2b,Going to California - 1990 Remaster,Led Zeppelin,0
122,spotify:track:7x46YkKAwp3yZpaa72n5Mu,Stubborn Love,The Lumineers,2
123,spotify:track:46EuzanXhKwIc7755wLAvS,Home Again,Michael Kiwanuka,0
124,spotify:track:1wHSxWBfPr3GO31y8KGrWe,Wish You Were Here - 2011 Remastered Version,Pink Floyd,0
125,spotify:track:1JAIVzIKVWvNXyvIs4v4ZX,De larmes,Zed Yun Pavarotti,0
126,spotify:track:5FxVTEpoBress37MmlMhbZ,By Design,"Kid Cudi, Andre Benjamin",2
127,spotify:track:0iR2fVFzlUzzlQeO3sAJgx,True Romance,Citizens!,3
128,spotify:track:1gDv2JuB5yqVWCnPowAUOP,Oh My Love (feat. Katyna Ranieri),"Riz Ortolani, Katyna Ranieri",0
129,spotify:track:7lPN2DXiMsVn7XUKtOW1CS,drivers license,Olivia Rodrigo,0
130,spotify:track:1zvyfRhIzjJepYbxxQa6v6,Two Skies,Dirk Maassen,0
131,spotify:track:1HVrRO2uuCl3PslkOKEdjE,Black Sheep,Kailee Morgue,2
132,spotify:track:11ZulcYY4lowvcQm4oe3VJ,Slumber Party (feat. Princess Nokia),"Ashnikko, Princess Nokia",3
133,spotify:track:4hJljAGAHwfbeCx4y3UpgW,Ta reine - Version orchestrale,Angèle,3
134,spotify:track:2y0j0ysP19y9Qvg4khbXj8,The Atomic Era (Hungary),"Various Artists, Roland Rizzo, Phil Boucher",3
135,spotify:track:3Pb1B51RXr8DnmGpR14GXl,Rückenfigur,Dardust,3
136,spotify:track:4zIDZLcm7EkydNvVvpU0lj,La canzone del pane,I Camillas,1
137,spotify:track:6DCTnatsQnV5INjvcNrypE,La chambre,Kat Onoma,2
138,spotify:track:5W7sHs6RBdwjgHbw4svh50,Je Veux De La Lumière,Philémon Cimon,2
139,spotify:track:2S6XOQqWqUBIySUU00vMru,Beggin',Frankie Valli & The Four Seasons,3
140,spotify:track:3hO9peTDCEDebeBMU1TArh,Love Letter,Mike Higbee,3
141,spotify:track:5G0oVoL309pqsvGDzhMOwx,Diamond Veins (feat. Sarah Rebecca),"French 79, Sarah Rebecca",1
142,spotify:track:5oDNfTnNClOyD40Nu6iFQG,Royan,Frànçois & The Atlas Mountains,3
143,spotify:track:41eNZSwXBhr94g4IkZez5r,Dancing Alone,"Magnetic Ensemble, Jeanne Added",2
144,spotify:track:4OHMJQFXqaDV2YJN6B8Iwb,Éric Rohmer est mort,Clio,3
145,spotify:track:7jxlRwfBg5euhDpeT8egVd,Vesna,DakhaBrakha,1
146,spotify:track:0DiQAYZAOQLL9mwinkRS3E,Ann Wants to Dance,Papooz,2
147,spotify:track:7C8GR9DIPP67US9qBDRWZQ,Tout va bien,Ezéchiel Pailhès,0
148,spotify:track:21S6EicU7LXhS4ampzsOAQ,Senza Un Perché,Nada,0
149,spotify:track:6hH8b1q9LtfXPj53kHpI4h,Chariot,Betty Curtis,2
150,spotify:track:2qWqoYjiPg2Si0fxab2jkU,"Wedding, for Zeina",Samer Rashed,3
151,spotify:track:3uVE5vLKkigiWBOQEgmdDk,Who's That Girl?,Eve,2
152,spotify:track:6b7qpfyJFfadIvWp87nxRC,Sugar Sugar,Diving With Andy,0
153,spotify:track:0iC6b6zaBQg7VekaL6wRZM,Rei,Hugo TSR,1
154,spotify:track:7pAW3XGsByG4avvzn3BGYE,J'sais pas,Johan Papaconstantino,2
155,spotify:track:1ko2lVN0vKGUl9zrU0qSlT,Just the Two of Us (feat. Bill Withers),"Grover Washington, Jr., Bill Withers",3
156,spotify:track:1Jmqubf9kGkWeYQXQKImL5,People Are Strange,The Doors,2
157,spotify:track:5KR5SWArJpB7l6W3D3VNdG,Le monde s'est dédoublé,Clara Ysé,3
158,spotify:track:0c58luGUfo3kkYLwkAQfxO,Лето,Kino,2
159,spotify:track:0gcgX3Enf23PVqqt7GUseY,Владивосток,Alla Pugacheva,2
160,spotify:track:4l00HxpAXTr7O34ORXvSnK,Sway With Me (with GALXARA),"Saweetie, GALXARA",2
161,spotify:track:3poi95CMNu7G9h0q4qOxl3,Kaät,"Roseaux, Blick Bassy",2
162,spotify:track:0rPsA6WNBe8BdSgth2z0HG,Little Pistol,Mother Mother,2
163,spotify:track:4TcUrupOgbkEf6J4dGRWZY,Out of Ordinary,Oliver Tree,1
164,spotify:track:1D9HQactbJoUudf9B119Y5,High Enough,K.Flay,2
165,spotify:track:2OJQBsgmB18vFPuzdTrMZQ,Tu Conmigo,"Vitalic, La Bien Querida",3
166,spotify:track:5LupwMj1sbMUWYVjHgHube,Lantern (Radio Edit),Les Gordon,1
167,spotify:track:74SKS91bfQHLomV8rcErwE,Le code,"Myth Syzer, Bonnie Banane, Ichon, Muddy Monk",0
168,spotify:track:5Ea38RCmV570c6Sj4EUqIq,S'en aller,"Swing, Angèle",2
169,spotify:track:5l2FapaTtBfCshLX2DjY54,La vie - A COLORS SHOW,Ichon,2
170,spotify:track:3CBjC9bcb5MzAnP4Hu9SVL,Sundance,Népal,2
171,spotify:track:4ffoWIfe9UWfyuJT5I0I7L,Les mots bleus,Johan Papaconstantino,1
172,spotify:track:1h9qXxuTxoQ2vDA7oPnxO5,Sur ma vie,"Nemir, Alpha Wann",2
173,spotify:track:2CRPw57gU88J9MDC4DQJhv,Mirrors,Max Richter,1
174,spotify:track:0XsdvC0M2c5rZkMMxZPXpx,Les matins difficiles,Gaëtan Roussel,0
175,spotify:track:0tno4ePIoMnTD5AeEEMezX,Why The Bright Stars Glow,Valerie June,1
176,spotify:track:4bXcnoXM3KaigReUEFH1hg,Malika,"Voyou, Ladaniva",3
177,spotify:track:5e79BYdRSfNW8k0f4UnNKX,Sekoia - Model Man Remix,"Fakear, Model Man",2
178,spotify:track:4RXrqV1E2rWi9FeZisSkjY,numb,Tom Odell,0
179,spotify:track:5ZvPW0yyIXhFSXTeNMM3Ay,Fools Rush In (Where Angels Fear To Tread),Bow Wow Wow,0
180,spotify:track:6aBUnkXuCEQQHAlTokv9or,This Must Be the Place (Naive Melody) - 2005 Remaster,Talking Heads,3
181,spotify:track:4NnWuGQujzWUEg0uZokO5M,Just Like Heaven,The Cure,1
182,spotify:track:4dk40nfaQav6b4ZsJ9OYUo,Love My Way,The Psychedelic Furs,2
183,spotify:track:3D4NfLvG99xCEZnL6MHZ84,Bandages,Hot Hot Heat,0
184,spotify:track:2KcV5ct6aFsNwttv2ZsNtJ,Get Misunderstood,Troublemakers,0
185,spotify:track:6DONTnamNDOJdO6DzCu71p,Судно (Борис Рижий),Molchat Doma,0
186,spotify:track:4KrhaZm4JRkNO4HRdLvJIG,Моя голова винтом (My head is spinning like a screw),kostromin,2
187,spotify:track:2rFHyFnyZfuWLliLPQPwGP,Ароматом сладким,kostromin,2
188,spotify:track:2S5B2r3m5QFDic9PU7d9ad,Absence,NIKI NIKI,2
189,spotify:track:5K4rOUPd3pXPZyeAZAb6dz,Fall in Love With Me,Warhaus,0
190,spotify:track:4BPTGRzX2EvTIj2UxtXEea,Autrement,Malik Djoudi,3
191,spotify:track:4Mn98rZNPGUNvl6aQBLnve,One of These Mornings,Moby,3
192,spotify:track:2OPzBDNfY1Qx4FkHQcLgci,Out Of Reach,Fakear,2
193,spotify:track:51u6Tr8hwuyLgZjusx0okK,Red Lines,Fakear,1
194,spotify:track:3OAYeGzhHTbLZTnpcSM1yN,My Home Is Nowhere Without You,Herman Düne,2
195,spotify:track:228Yhx9kmU4TJh0t254Ywp,Coffee Cold,Galt MacDermot,2
196,spotify:track:2S8zGKKeoSwgyrVoW9Wbo3,Show Me Love,Lala &ce,3
197,spotify:track:5M8tCPBRAGdAVAyKIaEh9l,In the Blood,"Darren Korb, Ashley Barrett",2
198,spotify:track:02MWAaffLxlfxAUY7c5dvx,Heat Waves,Glass Animals,3
199,spotify:track:5LGqFIVBf3ZUeFBpc87CFS,Life,Des'ree,0
200,spotify:track:2mNEHlSQhvjnkkcAmRhfew,Ha Long Bay,Sofiane Pamart,0
201,spotify:track:5WSVkV1F6f99A5jZl6MrUJ,Wasting My Time,Mansfield.TYA,1
202,spotify:track:20rfJrvRwryzhwZXbXPakb,Fate,Grey Reverend,2
203,spotify:track:0cgWTzGYVUWELohSykTxrb,Moi c'est,Camélia Jordana,0
204,spotify:track:250RLekaiL1q9qZer975Eg,If We Were Vampires,Jason Isbell and the 400 Unit,3
205,spotify:track:3nvuPQTw2zuFAVuLsC9IYQ,Nothing Compares 2 U,Sinéad O'Connor,0
206,spotify:track:4v5kAh2wWyCSuKuhMJK8u6,Long Way 2 Go,Cassie,0
207,spotify:track:1ISGSSgVnZhyiOGSI8itNa,Astral Plane,Valerie June,1
208,spotify:track:1KncKvPjodBmjGpZkh29UC,The Sad Song,Fredo Viola,0
209,spotify:track:7yKTaYTUszBERr1y8g637a,La terre vue du ciel,Armand Amar,2
210,spotify:track:57scbUX9utATbRFaYUWOnE,Monster (feat. Olivia Olson & Half Shy),"Adventure Time, Half Shy, Olivia Olson",2
211,spotify:track:7ID4oYPwyDdr3KmaUdFulj,Somebody To Love - Radio Edit,"Mr. Belt & Wezol, Freejak",3
212,spotify:track:1CVQ8euBNROz7KDPeNqwWE,Bitch,Allie X,2
213,spotify:track:2iUmqdfGZcHIhS3b9E9EWq,Everybody Talks,Neon Trees,0
214,spotify:track:2ieu0FHqTpBUrMoCFVL3cb,Potential Breakup Song,Aly & AJ,2
215,spotify:track:62AuGbAkt8Ox2IrFFb8GKV,Sweet Caroline,Neil Diamond,1
216,spotify:track:5M47udGmRf2ScOsmA3CjyJ,Recette pour un cake d'amour,Anne Germain,1
217,spotify:track:1po0eXQjzpnunMKzvtzY12,Let Myself Fall,Rosie Thomas,1
218,spotify:track:5jiJYFm6YBqRJ0sLbwmezm,Kingdom Come,The Souljazz Orchestra,3
219,spotify:track:5EA4CEKb8qjWPM2zawPLlk,You Inspire Me,FM LAETI,0
220,spotify:track:5A5FkIC5QmcU6DGTsab5RC,Fisherman,Zara McFarlane,3
221,spotify:track:7h7NOxJTcSXDMiX9PYehLH,It Ain't Water,Alison Mosshart,2
222,spotify:track:7cjegURJa63Uvc0ttyQIfl,Keren Chave,Ando Drom,0
223,spotify:track:31GXk7ii10H2Mx1cvHO5TI,No Surprises,Yaron Herman Trio,0
224,spotify:track:7Gq0mwnsctEFGsneABnNv3,Supernature,Cerrone,2
225,spotify:track:2d8ucoz5PFlEYiCOYnNwTE,Offenses,Prudence,2
226,spotify:track:0I1eFRytp4XRhLCjT6tZm7,I Can't Handle Change,Roar,0
227,spotify:track:1okQeekaBL7DzFxS0j1s7l,"Nisi Dominus, RV 608: IV. Cum dederit","Antonio Vivaldi, Ensemble Matheus, Jean-Christophe Spinosi, Philippe Jaroussky",3
228,spotify:track:3S3aj3o146iczD2NwQgECh,La tendresse,Bourvil,1
229,spotify:track:1supkf9D4Obm2yTHqug3m8,Douha (Mali Mali) (Edit),"Disclosure, Fatoumata Diawara",3
230,spotify:track:77PMyRfNymygklCp2AQHvU,Getting Old,Felix Laband,0
231,spotify:track:4SFknyjLcyTLJFPKD2m96o,How You Like That,BLACKPINK,2
232,spotify:track:0YZ3J8xzGwLOg4yEgST1YK,With A Little Help From My Friends,Joe Cocker,3
233,spotify:track:0MmXyzhLHxlzW5dl0Gf0gA,Fighter,JOSEPH,3
234,spotify:track:7yop4bDCROwfTP6MQkCHU9,Refuse,Kevin Garrett,2
235,spotify:track:29RT3jGlBTlAZTtSfqydtA,I'm Here,Celeste,0
236,spotify:track:2E1u0ZoYrvmC1A5bqpasAX,Meet Again,Harry Hudson,0
237,spotify:track:78RFilJF3QrR5N0eKoNtPi,Sila,Molecule,2
238,spotify:track:1EeckpSZnrfkXI1FJZRfs6,Tú Que Vienes a Rondarme,Maria Arnal i Marcel Bagés,0
239,spotify:track:474V36BS3eFh0CSZ7d05rY,Tgoul Maaraft,"Mohamed Lamouri, Groupe Mostla",3
240,spotify:track:6Wc5okDpoqtaOQyIIMKk6n,"Chiribim, Chiribom",The Barry Sisters,0
241,spotify:track:148bkfR8E4ehZj8Zm7GyC5,Pull up Your Sleeves,Fredrika Stahl,3
242,spotify:track:6hqeyk5PP4ywE9FH5bs2HI,Restrictus,Mario Batkovic,0
243,spotify:track:6rKHgTPvt6AWbrnoTwce8e,Saigon,George Ka,3
244,spotify:track:5gF9NVuWjm4U4dQVIcvncb,"Debout les femmes (feat. Mayra Andrade, Jennifer Ayache, Nawel Ben Kraïem, Blondino, Brigitte, Karen Brunon, Buridane, Amina Cadelli, Barbara Carlotti, Chat, Les Coquettes, Anaïs Croze, Camille Faure, Alma Forrer, Zaza Fournier, Elodie Frégé, Hollysiz, Agnès Jaoui, Mai Lan, Clara Luciani, Luciole, Madjo, Carole Masseport, Inna Modja, Sandra Nkaké, Ornette, Lili Poe, Pomme, Barbara Pravi, Olivia Ruiz, La Grande Sophie, Elisa Tovati, Calypso Valois, Diane Villanueva, Clea Vincent & Julie Zenatti) - 39 Femmes","39 Femmes, Mayra Andrade, Jennifer Ayache, Nawel Ben Kraîem, Blondino, Brigitte, Karen Brunon, Buridane, Amina Cadelli, Barbara Carlotti, Chat, Les coquettes, Anaïs Croze, Camille Faure, Alma Forrer, Zaza Fournier, Élodie Frégé, Hollysiz, Agnès Jaoui, MAI LAN, Clara Luciani, Luciole, Madjo, Carole Masseport, Inna MODJA, Sandra Nkaké, Ornette, Lili Poe, Pomme, Barbara Pravi, Olivia Ruiz, La Grande Sophie, Elisa Tovati, Calypso Valois, Diane Villanueva, Clea Vincent, Julie Zenatti",0
245,spotify:track:4j4RE1MZbyflx7ILiDv0CB,I'll Be Your Woman,Michelle Gurevich,2
246,spotify:track:5XgOAaF6xloIeUcjWTgWkL,Black Sands,Bonobo,0
247,spotify:track:38sTlTyYRczJwk2oyhF6IA,The Wanderer,Jil Is Lucky,2
248,spotify:track:61ZCuCZq5EiBVqPavAdT9N,Nos Retrouvailles,Degiheugi,3
249,spotify:track:0vxLMLoHcHR48iYcVdSFDD,Les moissons,Radio Elvis,1
250,spotify:track:1RmoqoaL6BIje1nXY79PhL,My Heart's in the Highlands,"Arvo Pärt, Else Torp, Christopher Bowers-Broadbent, Paul Hillier",3
251,spotify:track:4smjJJGHZgD9HxoqoI5feA,Drink,La Chica,3
252,spotify:track:3F1CrvGpSaDH1mREkDApZq,Kaddish for Superman,Yom,3
253,spotify:track:2h60MEs8DDZW1CNkIMUKC2,Les passantes - Chanson française,Banda Municipale de Musica de Santiago de Cuba,2
254,spotify:track:1259h6dPXYBVVeB7gjIe4L,No Madame (Polo & Pan Remix),"Calypso Rose, Polo & Pan",3
255,spotify:track:7lF0U328NdKSIPXEOWEpea,Just Dropped In (To See What Condition My Condition Was In),Kenny Rogers,2
256,spotify:track:1YqUm734e5Yv5BJEDhLYxK,Motion,"Rone, Les Siècles, François-Xavier Roth, Vanessa Wagner",2
257,spotify:track:4vJAhLLHcgPeR3pQopGaIG,Only If For A Night,Florence + The Machine,2
258,spotify:track:7Kv2yK0YnmxWU7z4XVBzRn,Reindeer,The Knife,0
259,spotify:track:4F67H4OHy94voKZIA35SX8,Blind,Tallisker,0
260,spotify:track:4WKQHFv4KqIehRBb3V3a9p,"Rudy, A Message To You",Dandy Livingstone,2
261,spotify:track:49X0LAl6faAusYq02PRAY6,Lady - Hear Me Tonight,Modjo,1
262,spotify:track:2lwwrWVKdf3LR9lbbhnr6R,Float On,Modest Mouse,0
263,spotify:track:1aDLUzCyYpRXgrjwUWzV2X,Lazy Eye,Silversun Pickups,2
264,spotify:track:5OiaAaIMYlCZONyDBxqk4G,First Day Of My Life,Bright Eyes,0
265,spotify:track:4G21jWo0Cm6lOIUNnZ2mUI,Such Great Heights - Remastered,The Postal Service,1
266,spotify:track:5op53ANI4exiWqFHKuwWxd,The World At Large,Modest Mouse,0
267,spotify:track:4Bn9kYtB96Napg5kyQfycm,Never Wanna Know,MØ,2
268,spotify:track:3Z0oQ8r78OUaHvGPiDBR3W,Into the Unknown,"Idina Menzel, AURORA",1
269,spotify:track:1MmajR1mnAvswYv0YH27Xn,Up in the Sky,77 Bombay Street,0
270,spotify:track:5VGaB3oRB4sbE0319THNTu,Somewhere Out There,Donald Glover & Danny Pudi,2
271,spotify:track:3gGMsx3jxYKfhXq8LMj1tz,Vanished,Crystal Castles,2
272,spotify:track:6e65fH1wClamA2QPI5HUi3,Prickly Pear,Portico Quartet,0
273,spotify:track:0z21vE4xHXXYSyXkOLDUXF,Memoir,Villagers,0
274,spotify:track:5aT8chiSiLs2aYrcx6ogkE,Never Even Thought - Remastered 2017,Murray Head,3
275,spotify:track:2aDPkl4GCO2b53goL5Ia4W,Kuzola,Pongo,3
276,spotify:track:3BD2hlwoExMUXUpxcYxaWx,Deixa A Gira Girar,Os Tincoãs,0
277,spotify:track:5fobppqM9xKdWDaTLqc8xw,Les yeux de ma mère (en concert),Arno,0
278,spotify:track:7mLn02m51IabtPHiD0iErC,The Man Who Owns the Place,Balthazar,1
279,spotify:track:1WkZ44tstl0R9Zmbyy55CW,"Mon oncle (from ""Mon oncle"")",Frank Barcellini,2
280,spotify:track:1jO3MaCjrRQusiqkZQPA9h,Dans tes yeux,Anis,0
281,spotify:track:7kFbVVOKqqitDEzTrNgvD1,Le train du soir (feat. Pomme),"Raphaël, Pomme",0
282,spotify:track:6GAIFekQuwVIHOqyTUbj07,Comme à la maison - Bonus track,Meryl,2
283,spotify:track:1eyAEZ65Ee1UuloJIHWbwc,WOLLAN,Meryl,2
284,spotify:track:3kiTnvHHKipoAwa40GTGGy,Coucou,Meryl,2
285,spotify:track:70pkwEEG7nDTXBFqoGQkH0,Coffre plein,"Koba LaD, Maes, Zed",0
286,spotify:track:3n2HtODSfVBvrZSeDipfWi,Yamore,"Salif Keita, Cesária Evora",2
287,spotify:track:3V6NCwBywAwpAlAyGL7h0p,Doudou,Aya Nakamura,0
288,spotify:track:2kzOzFR61orwLEIIgFwspG,Paper Aeroplane,Angus & Julia Stone,2
289,spotify:track:3t8hniC26RU5WgDO0a5gIF,The Juice - Mixed,Mr. Fingers,2
290,spotify:track:0LWhcj0hd4a4Y5oO2GRpyG,Il suffirait de presque rien - Nouveau mix,Serge Reggiani,2
291,spotify:track:2o4NHmMd8ThiobkTj5sInX,Ma fille,Serge Reggiani,2
292,spotify:track:1IsYgxPzYd4cBB2qMGZ1mG,La montagne,Jean Ferrat,0
293,spotify:track:1LPGwuFgIzbJoShfDdw7MY,Youth,Glass Animals,0
294,spotify:track:7vWoPiYOF5KjONQejjmEcy,Se fendre les joues,Da Silva,0
295,spotify:track:2CQQQfax1YLcMbU0V5oTuQ,Only Way Is Up,"Gaël Faye, Jacob Banks",0
296,spotify:track:6mdI4I8iSBQVS5xsIFA6iJ,Island Of Doom,Agnes Obel,2
297,spotify:track:2Fsat2MbgEFJCSyCMVxz9b,Blur,MØ,0
298,spotify:track:0Tf265JMp6POJkvIcYB6xT,Et si tu n'existais pas,"Hélène Ségara, Joe Dassin",2
299,spotify:track:41zrRHYHY72LCf2hzaK18z,L'indécision,Da Silva,0
300,spotify:track:5pSvjjfsh34sLrkYSNGCl4,Down Under,Men At Work,0
301,spotify:track:38sc2aKVyDG77l7kv6zBDZ,"Pour un pote - Bande originale du film ""Brice 3""","Bigflo & Oli, Jean Dujardin",0
302,spotify:track:7p5jetoN7m7LeDKA2Mfhvv,Sparring Partner,Paolo Conte,2
303,spotify:track:0oGhGvRAbCjZXasyz4nB95,Les gauloises bleues,Clou,0
304,spotify:track:5uDMz8kBI5cjnJ2Bh61LHl,Illusion,Ben Mazué,3
305,spotify:track:6PbRfvvnsJr6fIi3iunNyn,Gaffe aux autres,"Ben Mazué, Jérémy Frerot",0
306,spotify:track:5d1fRuGL7Vz0TNu8OSS2Fo,Quand je marche,Ben Mazué,0
307,spotify:track:4ygRdvjxDYngbgddCtXDjT,In a Manner of Speaking,"Nouvelle Vague, Camille",0
308,spotify:track:7oHPHBLG6hOaGeBrkOUSS3,Breath of Roma,Meryem Aboulouafa,0
309,spotify:track:366ZWAQxSeFY4HTXUJ1Kix,It's you,"Lou Doillon, Cat Power",2
310,spotify:track:5JeixjCUBXrUajYxJbKnDs,C'est moi le printemps,Daniel Darc,3
311,spotify:track:3GXLibOhXUhIxw4ceyzNZ7,C'était mieux avant,Daniel Darc,0
312,spotify:track:3vgmRlBi986YeWV95UNgJ6,"Je me souviens, je me rappelle",Daniel Darc,2
313,spotify:track:4V540eGeHM6c2QrUjItLvI,Le bonheur,Berry,0
314,spotify:track:68hIkZXqCrkdsugmX6zs6W,Again,Archive,0
315,spotify:track:3DamFFqW32WihKkTVlwTYQ,Fireflies,Owl City,0
316,spotify:track:3911Bzzv8FHgbitJzXFjxh,Toumast Tincha,Tinariwen,3
317,spotify:track:6170lJSBtiM5trzOtHtdD2,Gimme Some,Weval,0
318,spotify:track:2sDurGdooRkMxYRGfRvPdn,baglaens,Lowly,0
319,spotify:track:2JIVtls9Jf9nAosUbFzbyw,Tonight,Sibylle Baier,3
320,spotify:track:0aOn2mNlsE0Ql2VT0x3dTy,On ne meurt plus d'amour,Robi,2
321,spotify:track:6FpcZu9AnpLqKtTvAr6DbJ,Chante De La Où Tu Es,Lior Shoov,2
322,spotify:track:1lQAG1xVrSifqAo01DXZ8k,À nous,Noé Preszow,1
323,spotify:track:1iBF9A9VgSYOxhAhSlxJ5F,"Dernier domicile connu - Bande originale du film ""Dernier domicile connu""",François de Roubaix,2
324,spotify:track:3eG4ICvNEPVJfhPmpZRcHf,A.C.I.D.,Ben Prunty,2
325,spotify:track:0WSWwqMzHID03Kw1rNRiSe,Cet air-là,France Gall,2
326,spotify:track:1ugKYT4OfPyp4KFovrk4UL,Resurrections,Lena Raine,2
327,spotify:track:1p9kMVIwEfnTf3q8xnCRtL,Le monde est à mes pieds,"Scylla, Sofiane Pamart",3
328,spotify:track:4bHsxqR3GMrXTxEPLuK5ue,Don't Stop Believin',Journey,0
329,spotify:track:5eCdOEOKN7yjEGdzMp8zs5,Solitude,"Scylla, Sofiane Pamart",2
330,spotify:track:2RZWdE8kYPlCAcRUYDeuLC,Red Flag,Billy Talent,0
331,spotify:track:4EchqUKQ3qAQuRNKmeIpnf,The Kids Aren't Alright,The Offspring,2
332,spotify:track:6umX518VohIob6IipK3WYM,Decode - Twilight Soundtrack Version,Paramore,2
333,spotify:track:1fr92Vupmcs2vgLMFVQ7rd,In the Shadows,The Rasmus,2
334,spotify:track:7knzoaWkBgCqcZUmjJC9Tr,"Marche turque, 3ème mouvement de la sonate N°11","Wolfgang Amadeus Mozart, Sandrine Roche",3
335,spotify:track:7oVEtyuv9NBmnytsCIsY5I,BURN IT DOWN,Linkin Park,2
336,spotify:track:0It6VJoMAare1zdV2wxqZq,Undisclosed Desires,Muse,0
337,spotify:track:5BfYMZUqH60CizAC6zgx7s,La Moldau,"Bedřich Smetana, Slovak Philharmonic, Kurt Redel",3
338,spotify:track:60mItLdFl6xkYc1sAjlZlf,In This Shirt,The Irrepressibles,0
339,spotify:track:0q6LuUqGLUiCPP1cbdwFs3,On Melancholy Hill,Gorillaz,2
340,spotify:track:46SOx5T1UwQ1Ke8dA3RAhF,India Song - BOF India Song,Jeanne Moreau,3
341,spotify:track:1CP6EfhfdqF7qbRcvOvvWT,DEHORS DANS LA NIGHT,Laylow,0
342,spotify:track:1ff8lsrJ2kuZuofMw81EQo,Save a Prayer - 2009 Remaster,Duran Duran,0
343,spotify:track:5BCykgPXc7zEBg2oU0klvy,Who Can It Be Now?,Men At Work,2
344,spotify:track:7leVj2jwVG79K4fJwXifK2,Les prisons de Nantes,Tri Yann,0
345,spotify:track:0CK3hcpHOBzl8nbxQ85NFr,Herr Mannelig,Haggard,0
346,spotify:track:39qYD4J4BKvZMQgxfXl5bv,Eye In The Sky,The Alan Parsons Project,0
347,spotify:track:3AWs5kIyjFDVsAtofkFU7L,Criminel (feat. Niska),"Bramsito, Niska",0
348,spotify:track:6Sf7rZtL2hCqqrnu6d9XKZ,Spectre - Bibio Remix,"Tycho, Bibio",2
349,spotify:track:1qnCaRRFDKePD2TkMcUeoB,Bling,TESSÆ,0
350,spotify:track:4WkMLi1h3KKdkbJ89QwF2A,17,Ilgen-Nur,0
351,spotify:track:5wcRDqvHCXMRB62PoXDixl,La Ballade of Lady & Bird,Lady & Bird,0
352,spotify:track:64XRAfqb1BaTzFmwf4c1Zn,Pale Yellow - A COLORS SHOW,Woodkid,0
353,spotify:track:2SfTucoiNjeUZcM0OgoFa7,Laka,"Aventure, Fishbach, Bachar Mar-Khalifé",2
354,spotify:track:3Hi41jMUzAyN3ydCsoJmK9,Hockey sur glace à l'italienne,Mondial Toboggan,1
355,spotify:track:5MeUMSRreLHYLhw8ZTyqpk,Renee,SALES,2
356,spotify:track:614OkajfRPH8V0ugNQnduP,Upside Down,JVKE,3
357,spotify:track:3kj6W8kLwCTURFaCWewxFR,Merci,Jeanne Cherhal,0
358,spotify:track:6fiCGSSknae1sjVVLjd7Y4,Duo (avec Angèle et Chilly Gonzales),"Philippe Katerine, Angèle, Chilly Gonzales",0
359,spotify:track:0OGcDWuOTESHImIxWeofIF,Bad Apple!!,"FalKKonE, Lunacy",3
360,spotify:track:70yiVJoOUU6cNbdsgL6ADT,MACINTOSH,Gambi,3
361,spotify:track:3xJ8siSD7r5mDqLNtQ5CPf,A Soft Seduction,David Byrne,0
362,spotify:track:4ZdcHEZKCJkj7638wSTaOz,Лето (Запись 1982),Zoopark,1
363,spotify:track:1Zwptx5Sp1Ypo5DmmMULfd,Time Will,Hercules & Love Affair,2
364,spotify:track:421Gp1eSmOIcD6alTWowFR,O Superman,Laurie Anderson,0
365,spotify:track:2iPQyTGxQn49fGaqqrbH51,T'as vu,Clio,0
366,spotify:track:4FO2wYk888ICu1LUdYuXuv,My World Is Empty Without You,José Feliciano,2
367,spotify:track:2nCZs15rSShxeRBzBp6eLO,Bahlam Maak,Najat Al Saghira,1
368,spotify:track:2ZIaH69kaz55RM4Pjx6KXl,Two Thousand and Seventeen,Four Tet,1
369,spotify:track:5y9REghTqu2BkAPMfBTXwk,I Am a Joker!,BEA1991,1
370,spotify:track:1d4m1qmn5Bu2Y7dXBCM1kw,Thunder,Catnapp,0
371,spotify:track:03A4A0yXmb08UfemtXnI3d,Happened,Perera Elsewhere,1
372,spotify:track:46bTgJAQkrkNRxMuFnpRyD,Karmacoma,Massive Attack,0
373,spotify:track:0wokCRaKD0zPNhMRXAgVsr,Ordinary World,Duran Duran,0
374,spotify:track:6I4snLrVOrJsLdd43isc27,A View to a Kill,Duran Duran,2
375,spotify:track:36eHvuluPjSm7HNRLqng7R,C'est zéro,Julie Masse,2
376,spotify:track:4n8y0kLjgOBQGrMPRKx1Ye,Oxygène,Diane Dufresne,2
377,spotify:track:4kZOi9K2i06Syi2DiSfEqT,The Chauffeur - 2009 Remaster,Duran Duran,0
378,spotify:track:4yYKWN3FtoRxdlJBqIn8Rh,Silver Trembling Hands,The Flaming Lips,3
379,spotify:track:4mUTbQ7Eo6sqDR3r3QfyWt,Denim,Exhauster,2
380,spotify:track:3eI6BvMeNo1IlRBWqBHx5F,Victory Dance,My Morning Jacket,0
381,spotify:track:5sK0vlYGCFzk3dqHkkL4ac,Plus riche,"Hatik, Sofiane",2
382,spotify:track:6as0Q9RFNCufcus0mzHoDs,93% [Tijuana],"GLK, Landy, DA Uzi, Hornet La Frappe",2
383,spotify:track:1O3ihvVI9a9hRqhBy5so12,Noir Désir,Vive La Fête,2
384,spotify:track:5HEtuK03ygUzqca6yfgOYZ,Lettre à une femme,Ninho,0
385,spotify:track:2E7X83kz4UKeqOTTQyibHl,Grand bain,"Dadju, Ninho",2
386,spotify:track:22bUovRVxMn153XttbCx6I,Ride,Lolo Zouaï,2
387,spotify:track:1goTiiRtaNdwiGOsSIgBA4,Baby,DakhaBrakha,3
388,spotify:track:3TPr2Em1i454nDS8UJbaFW,Petit pays,Cesária Evora,2
389,spotify:track:2ErLVOXP9j8ziacqpz5JJr,Cumbia del Monte Fuji,"Frente Cumbiero, Minyo Crusaders",3
390,spotify:track:2cn3mFX1JMuas2e41ZEbP1,Te Llevaré,Lisandro Meza Y Su Conjunto,3
391,spotify:track:3cGDEM1lcQSZPWUGnesWOV,You're The Best (Theme From The Karate Kid) [Originally Performed by Joe Esposito],Beer Tone,2
392,spotify:track:6B1OS2khVnMVqiqJo9H2OF,Une miss s'immisce,Exotica,2
393,spotify:track:1fmoCZ6mtMiqA5GHWPcZz9,A New Error,Moderat,2
394,spotify:track:4ygSSIuPuM0EYu22s8YF4t,Bloodflow,Grandbrothers,0
395,spotify:track:297rZsBEjFw9d0Gl3iBLnd,Goodie Bag,Still Woozy,2
396,spotify:track:0lYRAsWNDdUhGMftqH0RVG,Sister Of Pearl,Baio,0
397,spotify:track:7jN6iYiYycnfVEHJvDBlh5,Waves - Chilly Gonzales Piano Remake,"Erol Alkan, Boys Noize, Chilly Gonzales",0
398,spotify:track:0bTVrDHZ8ddqq8qdrdHiQz,Avant que je m'ennuie,Mathieu Boogaerts,0
399,spotify:track:5mUXRXoNWdGAanuNCk6VBQ,Les Amants d'un jour,Édith Piaf,0
400,spotify:track:7lOAxVMyQVRwKukLvyPVq0,"Toi qui disais, qui disais, qui disais",Catherine Sauvage,3
401,spotify:track:2hvOsGJc6qll4WzW8Ljqc3,Brass in Pocket - 2006 Remaster,Pretenders,0
402,spotify:track:2wawV8tgZ98Tj662chF0ZY,I Was Gonna Cancel,Kylie Minogue,2
403,spotify:track:0FOOo8wbVSFQ7YI0ZF8iC7,Maman dort,"S.Pri Noir, Alonzo",3
404,spotify:track:1ytzrpWRCpUasHmT5P4LRt,Twist Of Fate,Olivia Newton-John,3
405,spotify:track:2V4Bc2I962j7acQj1N0PiQ,Celebrity Skin,Hole,2
406,spotify:track:241RmK77gecJ1y7jOoQ5lu,This Will Be (An Everlasting Love) - 2003 Remaster,Natalie Cole,1
407,spotify:track:6120uJUyg6QDzaAJUosTx5,Knock On Wood,Amii Stewart,2
408,spotify:track:5siee1e4lz8uF51OokjglA,Shackles (Praise You),Mary Mary,3
409,spotify:track:5xl5582IihbEZAnfj0xyso,Straight Up,Paula Abdul,3
410,spotify:track:7p4C1w3JSmKVJXixBrtaKI,NTE,Buscabulla,0
411,spotify:track:3YXt7ciEna9m7eVd5ZFq1x,Sailing,Rod Stewart,0
412,spotify:track:15hut9fX33giUAMyycwvsV,Call Your Girlfriend,Robyn,3
413,spotify:track:1bObrsJGW0UCIGZkvnDqbe,Stop This Flame,Celeste,3
414,spotify:track:76TZCvJ8GitQ2FA1q5dKu0,The Boxer,Simon & Garfunkel,2
415,spotify:track:5nNJtG9X7Y2BYyJVKHA0tq,We're All in the Same Dance,"Canzoniere Grecanico Salentino, Mauro Durante",0
416,spotify:track:1a8JpAL3vbAdXYrEABvOtb,AMERIKA,Rammstein,2
417,spotify:track:52XYwQKlXp7scE7KrBBCID,Links 2 3 4,Rammstein,0
418,spotify:track:1DqsXz3m20THt7i4wRACJm,Invisible,Grouper,1
419,spotify:track:6UmslOyMdTKrTmeeOWVRSx,Seabird,Alessi Brothers,0
420,spotify:track:7d83N477lqhTnp0uxy1tEp,The Colorful Stabwound,múm,3
421,spotify:track:48n00daIw01NSGXRqS3m7G,Train Song,Vashti Bunyan,2
422,spotify:track:3UyVG4yc9wc3rz3Trw1iHd,Run the Road,Santigold,0
423,spotify:track:0lVkcHdJQ29VEoz0Rs4Owr,Look at Them,Jeanne Added,3
424,spotify:track:7xQ41O8MyVq4QbPt8RHOy6,Nekwni S Warrach N Lezzayer,Motivés,2
425,spotify:track:7bhI6rnvaVw8qgZPn32qE0,Looking Too Closely,Fink,2
426,spotify:track:5pn4wdFwix4qr5SlNyRw7W,The Middle of the World,Nicholas Britell,3
427,spotify:track:3J4DrAgutiIRm12Tf0fIyb,Thomas & Thomas,Minizza,3
428,spotify:track:1uNhvxpkPrNHUNfeclo6xD,Mr. Moustafa,Alexandre Desplat,1
429,spotify:track:2FFPavf4l6t9PygEfUNtTE,I'm Terrified of Being,Ladylike Lily,0
430,spotify:track:69tg4gvX2QJggcmRxGyEJJ,Speed,Zazie,2
431,spotify:track:1kjaDbJzIBjuKxF2hk6ACj,Hope,Kid Wise,0
432,spotify:track:19503qDaxgCdPL2BhJngij,Apply Some Pressure,Maximo Park,2
433,spotify:track:7kN0qXSaCsS6V47UJvaFw1,Obstacle 1 - Remastered,Interpol,3
434,spotify:track:4kxYIvDIpWTrZgHn3sYxxC,Helicopter,Bloc Party,0
435,spotify:track:13bEwk7dTy0RdOAY3ZNNBD,Golden Touch - Full Length,Razorlight,0
436,spotify:track:0N5x5UmYcbBeHFJtCCqf62,Ruby,Kaiser Chiefs,2
437,spotify:track:2VAlwOewe5c40VHyqozF1V,"Steady, As She Goes",The Raconteurs,3
438,spotify:track:1R1EmnEjBMgKv5JJehcHpX,Catch It,"Andrew Applepie, NKLS",3
439,spotify:track:32dk3UXnGv7lpN7FE3K2ws,Farewell To The Fairground,White Lies,2
440,spotify:track:6RrJMgSWCe4hZ0b0ZIU9rA,Holes,Mercury Rev,3
441,spotify:track:1z4xjDLLWJgG48Bn8OCxZv,Help I'm Alive,Metric,1
442,spotify:track:1pHP4JeQV9wDx87D6qH9hD,Here It Goes Again,OK Go,3
443,spotify:track:2hDtkP0ge2Gckcj7qi2NQ2,Doing It To Death,The Kills,2
444,spotify:track:1ToEp1fLUtobz5lMGgmc1K,National Aerobic Championship Theme,Ty Parr,3
445,spotify:track:09fjS6SOKBcIr0imSWStMa,The Million Dollar Song,Calby,1
446,spotify:track:1e1a7eAlICks9mch3UVsEH,Melody Noir,Patrick Watson,2
447,spotify:track:4mulNFh0v6wiWzXSoH3zgA,Te Informo,Azabache,3
448,spotify:track:5Q0u60lrmddpimsu1yQ2hM,Blue Jeans,Eugene McGuinness,0
449,spotify:track:4Iqf13qkoUY3c7CyzMCi1V,Prince of Tears,Baxter Dury,2
450,spotify:track:3bFcSg0cC6ACPqavbsVcAH,Sur un volcan,La Maison Tellier,2
451,spotify:track:2t3SImRE1uHHBkVZ98DM15,Les otaries,Arne Vinzon,1
452,spotify:track:7KFoqRkfzGFepuIegAdXh3,When I'm Gone,Louis Aguilar,2
453,spotify:track:0LS9j29qzv8vKFz2Hi3G8c,Cristina,Teleman,2
454,spotify:track:1oGqYCpQo7cmj4CAvSk2wc,Model,Balanescu Quartet,2
455,spotify:track:25n4EQP5cYQNmfNVUQZUZr,Reason or Rhyme,The Bryan Ferry Orchestra,0
456,spotify:track:3VHFkxbekZQF7xLRd7KjgL,Johnny And Mary,Robert Palmer,1
457,spotify:track:35fC3Wq3slX4OBfyvBVmHm,Samba Pa Ti,Santana,2
458,spotify:track:1EG9gvcCJw4BYV8Nmohpeb,En Surface,"Étienne Daho, Dominique A",0
459,spotify:track:50Dfp4PZQqvXLlniASKpTY,Obvs,Jamie xx,0
460,spotify:track:16TeQ2lM9TLU9BnLDIW1P9,Hasta Siempre,Nathalie Cardone,2
461,spotify:track:2seqsVYFO7vHMPWIrAYSSf,What Makes You Think You're the One - 2015 Remaster,Fleetwood Mac,0
462,spotify:track:5mWnRLqeDjwFrf3UeO7dhs,Starving In The Belly Of The Whale,Tom Waits,0
463,spotify:track:5rfNNdaCovygh3cxY1txTR,Le grand amour,Albin de la Simone,3
464,spotify:track:1O64wOa61aUzJ1s8SQptjS,Only Takes A Night (Unreleased B-side),The Dø,0
465,spotify:track:5gH210qVSjzFbIytFEDVob,Unicorns,Saint Michel,0
466,spotify:track:45lac7ljUIj66aAOVjRCwe,White Lies,S+C+A+R+R,3
467,spotify:track:1wMk3vyoYZ8WaBtoS1vKLF,Let's Burn Again,Gush,0
468,spotify:track:49CsG63iEYAQhViMyLfQqC,Le chant des partisans,Germaine Sablon,2
469,spotify:track:0nspiVDI7l8dgsulJq27C0,Samba,Samba De La Muerte,0
470,spotify:track:5N0VazKxOrBZhmJoGcZMbS,Dry Your Tears,Yorina,3
471,spotify:track:0gEyKnHvgkrkBM6fbeHdwK,Linger,The Cranberries,1
472,spotify:track:2fKog3E5P7HVQZs2sQMFrO,Опера #2,Vitas,2
473,spotify:track:57i3M29DWoo7RDk0Tf0LZG,Daylight,Matt and Kim,2
474,spotify:track:1RbhQxFFJM7QNKALY5JebS,With You - A Sweet Little Love Song Demo,Valerie June,2
475,spotify:track:1zeUhXNMqmf80JnfqT2fXK,Bandiera Rossa,Bandiera Rossa,2
476,spotify:track:3TocizxIzxglEy2k7yuMZ5,La complainte du soleil,Laura Cahen,0
477,spotify:track:0qAMjeQFyd1qD0LDiV8gWp,Black Horse And The Cherry Tree,KT Tunstall,0
478,spotify:track:36Hhs5kUtEaz7m3MVhXoeC,It's A Long Way,Caetano Veloso,3
479,spotify:track:6mzrprZcWViEQZFBWXhwZ6,夢二のテーマ,梅林 茂,3
480,spotify:track:4h8lZ2Tt7IcrhT7XxB23km,End Come Too Soon,Wild Beasts,2
481,spotify:track:3RugqFNemL5KBRUQnIo3sU,Hospital,Témé Tan,1
482,spotify:track:6xrjiQlZMCDp2sDJhW2v6e,One Thing,Peter and Kerry,2
483,spotify:track:2Rz26pOZKTVpa2EOjmNlaP,Oasis,La Chica,0
484,spotify:track:4awOii3eUQ06pdzZLZ4ccy,Bounce,Brasstronaut,3
485,spotify:track:1CsMuJeMzRqNgS7G0fo1Gv,How to Fight Loneliness,Wilco,0
486,spotify:track:1chmZUBdfxoLWN1LCZ6HLO,Bashed Out,This Is The Kit,3
487,spotify:track:4pdGqhW6HzzsFP8Gi3vMn8,All Night,Bree Runway,3
488,spotify:track:4bsw5Js99AomxvKM0mxEAL,Mutate,Jeanne Added,3
489,spotify:track:5Y8UUyWfuQ0EAmYLvwwcJL,home with you,FKA twigs,2
490,spotify:track:4rcShj6WCIPCStktBu61MG,Si j'etais moi,Zazie,2
491,spotify:track:6vJZnE3jJWfxOIVONjntUO,"Say It Ain't So, Joe",Murray Head,2
492,spotify:track:5td7WsBur5opModo1lB1X3,What The World Needs Now Is Love - Remastered,Jackie DeShannon,2
493,spotify:track:1rmyOgDh9fDtdR4PssHqpC,The First Happiness of the Day,Pink Martini,2
494,spotify:track:7iDhPLIzvVE3tGAk9hKIl1,Palomino,Gemma Hayes,2
495,spotify:track:6jfHULU1jxpdYPR9gK887U,Un homme extraordinaire,Les Innocents,0
496,spotify:track:1FX1DqJvtVgjJNCyjq8jyi,My Hand in Your Hand,Octave Noire,0
497,spotify:track:4t5s1y2ZLrHtmZNRlof59V,Une chanson qui te ressemblerait,William Sheller,2
498,spotify:track:6axvnGwB3rtoriGI1lPhTz,Chinese New Year,SALES,0
499,spotify:track:37Iy02wpPR5M0iiRBiV4DD,That's All,Clare & The Reasons,2
500,spotify:track:19VAj1iANfOZ3liNVd5uHb,Boris,BOY,2
501,spotify:track:6rvaMJnwgXdrGfWOlR7RSP,Love Song,Koudlam,0
502,spotify:track:09wLmYMwtkACbGAPqX22Pb,I Go to Sleep,Anika,0
503,spotify:track:2KhS0LVOw9ralhfbcIi7vL,Comes And Goes (In Waves),Greg Laswell,3
504,spotify:track:6KpTwo0iyZ4Bpu5fzhnEjl,The Meaning Of Love,Chrome Sparks,2
505,spotify:track:5QO79kh1waicV47BqGRL3g,Save Your Tears,The Weeknd,2
506,spotify:track:5sqJx5ryxugS6PubLsJIP8,Annie and Owen,Dan Romer,3
507,spotify:track:0Hvvs3VDBQzJ6ksSLA7l4G,Demanding Excellence,Labrinth,3
508,spotify:track:78WKX42c85u92adSMv9Dzg,Saitara-Bushi,Chiemi Eri,1
509,spotify:track:5W8y0FuhDp3bOIKoHIazp5,Soutbouk,Jawhar,3
510,spotify:track:5aGDIGKHrGAYJn33DsVdIF,In Real Life,Buvette,0
511,spotify:track:3oGe6uikWPSuA9QpNnPwlb,Les sunlights des tropiques,"Suna, Yumi",3
512,spotify:track:1nyXYgcOxmCPzMay9q5StX,Ohio,King Princess,1
513,spotify:track:23DoSXWgMS2DZvKAljUCUM,Got to Go,"Atili, Prendy",0
514,spotify:track:5EPMGpzwuUAutClCLFyGVh,For the Good Times,Al Green,3
515,spotify:track:6bTn1ovliI0OkjUNkiMBJq,Nobody,Mitski,2
516,spotify:track:4WLL2Hnnt0egTleTXG3jBi,Forever and Ever,Boogie Belgique,3
517,spotify:track:69D8GX0xVahhxNmGMmZsbj,Kissing Disease,Melodium,1
518,spotify:track:7vfILe0geNdQ7ilJYF45SU,Abusey Junction,KOKOROKO,1
519,spotify:track:13BHFlLGK9RS6ua5dKm2w0,Sweet Like Brandy,Kwamie Liv,3
520,spotify:track:3qsMWrhTbsiTQVykS3AeO5,"Cours, cours, et cours encore...",Tim Dup,3
521,spotify:track:5DYD4zlGiFlkpLaf2Bk8Vl,Your Love (Déjà Vu),Glass Animals,3
522,spotify:track:6HTVZeVQ9J6Uiq6tHESxU9,"Welcome Home, Son",Radical Face,3
523,spotify:track:4WyNz1KalCOsOmhcwUsUmY,My Baby Boy,theAngelcy,0
524,spotify:track:4OiHLKISMcm8iIRWvai2A2,Celentano,A Toys Orchestra,0
525,spotify:track:5ft5uCM9k9OZ06DvAaHV9F,Stormi,Iosonouncane,2
526,spotify:track:3gFkY3sqxEus2OO1Zh118v,Keep the Streets Empty For Me,Fever Ray,3
527,spotify:track:7frqaCMi7gVCD7JBuDrmEd,Lost It To Trying,Son Lux,1
528,spotify:track:7eJMfftS33KTjuF7lTsMCx,death bed (coffee for your head),"Powfu, beabadoobee",0
529,spotify:track:77tKWPApXR23eh2kBWrNPP,Ces mots simples,Vanessa Paradis,1
530,spotify:track:57g4FPWM67egu3ZbKE3Du5,Men Should Never Fall In Love,GRANDGEORGE,0
531,spotify:track:521swwVDPXCrClIzuIDzmR,O Vai,Vaiteani,0
532,spotify:track:6GruFJTfZZqnb2osHcPE4c,Misses,Girls In Hawaii,1
533,spotify:track:0C2vuwLuunPNCJpyAG3kzh,Mr. Tillman,Father John Misty,2
534,spotify:track:2UZ8C6abrCuhjelaK1MFz1,All My Tears,Ane Brun,1
535,spotify:track:5azaaeLKtKevqs8u1XHRHI,The Pirate's Gospel,Alela Diane,0
536,spotify:track:7l9Qen3FyvkKOYJb0vbafp,Leave Me Alone,"Ellen Allien, Apparat",1
537,spotify:track:0RWDbR1CJD4NKRxSQQyu8s,Ocean Tree,"FEATHERED SUN, Christopher Schwarzwälder, Nu, Raz Ohara",2
538,spotify:track:0L2r7a4FAZ7VNMd0RmysMK,Papa Sooma feat. Abrão,"Red Axes, Abrão",1
539,spotify:track:3L50tevLWdfl4KZxjj8oId,Poi E,Patea Maori Club,1
540,spotify:track:3oU0VH9kbBIYnMvYey1KtB,Demon Host,Timber Timbre,3
541,spotify:track:7eOdjuAdxZBFmBxbG3xzwO,Klangfall,Joep Beving,1
542,spotify:track:78lgmZwycJ3nzsdgmPPGNx,Immigrant Song - Remaster,Led Zeppelin,0
543,spotify:track:3P43oJYbvgaqHpE6Bgrtul,Flash in the Pan,Aliocha,3
544,spotify:track:4O0sGJdqpHMaWz7KoVd7tb,Diamonds And Rust,Joan Baez,2
545,spotify:track:7qx03NsIL42jM03zFphnRO,Corps,Yseult,1
546,spotify:track:5Au3a2viPE9GafkRai7qsA,Le chemin,Yuzmv,2
547,spotify:track:57aO0StAiVIRJ77TR2T73A,Song for a Broken Heart,Sarina,3
548,spotify:track:6tz2mMoLyvbpjZglG1WqYp,Bocanegra,Sonido Gallo Negro,0
549,spotify:track:2K12hKSBbRKElK00K9W65n,Ti Ein Afto Pou To Lene Agapi (Boy On a Dolphin),"Sophia Loren, Tonis Maroudas",0
550,spotify:track:44p04dlvwa2vmMvPTYV93m,La nuit des parachutes,Terrenoire,2
551,spotify:track:3x1BcCcggfqJTxVny57HW5,El Pondito,Los Gaiteros de San Jacinto,2
552,spotify:track:1oG2c7ESFQxoHlh1jqBfmM,La Marelle / Amarelinha,"Dom La Nena, Rosemary Standley, Birds on a Wire",2
553,spotify:track:1qKwMIG29vVesEiRjJ7G6i,Eyes Without a Face,Baustelle,1
554,spotify:track:2NdcFKNX740O0ZdQ7fNKuu,In The Dark,Owlle,2
555,spotify:track:4y5G47enoDj1051mDl5yX5,Yes I Do,Monika,3
556,spotify:track:1XIq6CyuR7ye5s9Th88QZI,Feel Like Me,"Cassius, Cat Power",3
557,spotify:track:04AxMDeDMdzxRwZyADElUg,Lana Del Rey Medley,"Elizabeth Grant, Justin Parker, Emilie Haynie, Daniel Law Heath, Chilly Gonzales",3
558,spotify:track:3LO6pkWEofyNIsnoFg9m4Q,Falling Hearts,Jeanne Added,3
559,spotify:track:6xCBiZLbhAFAolDGkiinUF,Daily Battles,"Thom Yorke, Flea",0
560,spotify:track:1ibHh9s8yG3qPG0LqS4PVB,Brandt Rhapsodie,"Benjamin Biolay, Jeanne Cherhal",3
561,spotify:track:5GoYCENrJXKQYwRSrNqOjC,Panchita,Los Yoryis,3
562,spotify:track:0gsH5Govmgwxa0rgaF9YbC,Never Seen Such Good Things,Devendra Banhart,0
563,spotify:track:7oFMyxHighYVebgKkyQ2G1,Sunken,Scratch Massive,2
564,spotify:track:5YxtCGHvn9oE43NM9Hh5VE,Marz,John Grant,3
565,spotify:track:2oxtQ84p1j5GmyzmD50Lq0,Rich Girl,"Gwen Stefani, Eve",0
566,spotify:track:2Ale21FofymOjkaF0SqT6N,Ville morose,Nadine Shah,3
567,spotify:track:0NCpmV4pGSFtTZLul3QUbj,Sogno l'amore,Andrea Laszlo De Simone,2
568,spotify:track:57c8Is85sPYo90OSyXemDW,L'odeur des joints,Hollydays,1
569,spotify:track:6U0FIYXCQ3TGrk4tFpLrEA,SUGAR,BROCKHAMPTON,2
570,spotify:track:0QX03P89kiZIdg1h2UYERo,If You Stay,Alex Hepburn,3
571,spotify:track:5bkwVxVFHfI1USA1ATF8rw,Breaking It Up,Lykke Li,0
572,spotify:track:5NwyQFaZbL6w8SaFcPFDn8,What Are You so Afraid Of,Videoclub,0
573,spotify:track:4S4Mfvv03M1cHgIOJcbUCL,In My Room,Frank Ocean,0
574,spotify:track:0V8m45hEJspCCMkAAvEOAh,Got You,Amyl and The Sniffers,2
575,spotify:track:0mEFqF30sAoUNKBgCQcsn0,I’m Good,GRiZ,3
576,spotify:track:7dH9Qnbb7pwDahy1Vb9ZQa,Yuve Yuve Yu,The HU,3
577,spotify:track:6z5Xrx58p5Bs18RIe6KXbI,"Lo Que Pasó, Pasó",Daddy Yankee,3
578,spotify:track:69Ej1xrGjOcHvIMtMKxK0G,Dile,Don Omar,3
579,spotify:track:5XcDorvZjj05UPeU4NY3nu,Old Graffiti,Bibio,2
580,spotify:track:25NPecq7UvFOPZBuj49hTJ,"What's New, Scooby-Doo?",Octopus Montage,1
581,spotify:track:07J5gvVBcXUPcsa9KVYwHu,Old Downtown,Camp Claude,3
582,spotify:track:22WV03i2lBbwNVCE1g671p,151 Rum,JID,2
583,spotify:track:5WBqDw0s3E4O0WPEZMXOhH,Scooby Doo - Quoi D'neuf?,ASTERO-H,3
584,spotify:track:5rAff9XfcWx7rguN3t0fkW,"New York, I Love You but You're Bringing Me Down",LCD Soundsystem,3
585,spotify:track:127dZoLOYo7zA2bXXs8hav,The Winner Is - from Little Miss Sunshine,DeVotchKa,0
586,spotify:track:5nYUxfF9UNIoNpdFMy59zH,Le mal de vivre,Barbara,1
587,spotify:track:1NYQgYFahmqNwrGHv5R4PM,Glass,Hania Rani,3
588,spotify:track:1c8TlqlJnaTDsU8wIUNsbj,Ocean,Kid Wise,1
589,spotify:track:30qvv7SYoUEmoUihXrN4tE,Kozmic Blues,Janis Joplin,3
590,spotify:track:3vzDmHyt3FAhgorp26PRuM,Avant La Haine,"Alex Beaupain, Camélia Jordana",2
591,spotify:track:45dKmyXd3icRGH0s0LGESv,The Sinner,Isaac Delusion,2
592,spotify:track:2Ru7OHSFlqfkqNjdAtDRla,Killer Queen,FIL BO RIVA,0
593,spotify:track:12HVTU2T0AJgABdFt4dLjK,Le mot juste (le beau geste) [avec Camélia Jordana],"Bertrand Belin, Camélia Jordana",2
594,spotify:track:5GMtOawrbrSqPe9a9hNCHR,Initials BB,Bulgarian Symphony Orchestra,0
595,spotify:track:1g3XJKmd9JwCNc3LK0y62k,Lines,Charlie Cunningham,0
596,spotify:track:5gTjuIZf4C3IcIu075qG82,"Carmen, WD 31 / Act 1: Georges BIZET : Carmen « L’amour est un oiseau rebelle » (Habanera)","Georges Bizet, Teresa Berganza, Ambrosian Singers, London Symphony Orchestra, Claudio Abbado",0
597,spotify:track:0J5cJXCqptEd74mqEMfrdE,Oblivion (feat. Sia),"Labrinth, Sia",0
598,spotify:track:2YIHCrgmSWKKgQiP5w0yCL,Twisted Olive Branch,Asaf Avidan,2
599,spotify:track:51zkWM4IJ8N3FFkno3sT69,"You're the One - From ""J'ai perdu mon corps""",S+C+A+R+R,2
600,spotify:track:52bmQc4wdC38SbmP6polgo,I May Have Lied to You,Sizarr,2
601,spotify:track:34UANp5qxDg6YcgrlDeILZ,Dilemme,Lous and The Yakuza,2
602,spotify:track:2QpUWi6VSNOt2WyH5FIeLD,Pookie,Aya Nakamura,0
603,spotify:track:639Tb5Jo1RF0jPkfKZxkzJ,Mon désir,Octavio Mai,2
604,spotify:track:5dPEN5o9yJSG7sa4J6qvc6,Fly Me To The Moon (In Other Words),Bobby Womack,2
605,spotify:track:4bldw7te0ETMwhn6HbPxDk,In My Dreams,ANOHNI,0
606,spotify:track:10hMM5nsZQf66ldBlgWBfG,All For Us - from the HBO Original Series Euphoria,"Labrinth, Zendaya",1
607,spotify:track:1rOlTL4pKQ9Y1fURua4AJR,My Body Is a Cage,Arcade Fire,3
608,spotify:track:18wCJcoFmXZ0jfrFhF6cYS,Mount Everest,Labrinth,0
609,spotify:track:4otkGEyV72X9B5NLK6Dfyk,Party Girl,Michelle Gurevich,3
610,spotify:track:5AKnUqag3WeX8KFo0L5HzJ,Diggy Diggy Hole,The Yogscast,0
611,spotify:track:2aU9sZ62uBBJ64QEn95ybD,Crystalline - Omar Souleyman Version,"Björk, Omar Souleyman Group",2
612,spotify:track:1C9swzGuiab9LlcVX1Mqku,The Grebe's Race On Water,Philip Glass,0
613,spotify:track:7lHyP7xQh90G6oX1OUlxdV,24.000 baci,Adriano Celentano,2
614,spotify:track:7wmwAAaBtjlqTe6bNqCDnk,Brutal Hearts - FlicFlac Radio Edit,Bedouin Soundclash,1
615,spotify:track:1Tog7z9obwbdD2iBj1Ik0i,Carol Of The Bells,the bird and the bee,2
616,spotify:track:2iTugZ4SlHydYkLTiTUzBR,Chanson pour Pierrot,Renaud,1
617,spotify:track:5tDmfhBI55upBunEsYoffI,Can You Blame the Sky?,Alela Diane,0
618,spotify:track:4DdNjhRKKFWa4isuSf1saz,Écoutez-moi les gavroches,Renaud,3
619,spotify:track:6q6YQs997RiwkLk0RnqM4G,Chanson pour Patrick Dewaere,Raphaël,0
620,spotify:track:4hGXwJZJASH1U7JGKnhJEg,First Snow,Emancipator,2
621,spotify:track:5WRaBWGLjj1idkBT8bNifx,Infinite Reflection,Kaleidoscope Jukebox,0
622,spotify:track:4dVbhS6OiYvFikshyaQaCN,My Hero,Foo Fighters,2
623,spotify:track:6y468DyY1V67RBNCwzrMrC,L.I.F.E.G.O.E.S.O.N.,Noah And The Whale,3
624,spotify:track:18HNGxDOcshRU2Hdu8tMOM,POPOPOP,Gambi,3
625,spotify:track:2XU0oxnq2qxCpomAAuJY8K,Dance Monkey,Tones And I,0
626,spotify:track:7famHRrg29tiGNnTL8fMja,four ethers,serpentwithfeet,3
627,spotify:track:4L7jMAP8UcIe309yQmkdcO,Lost,Frank Ocean,0
628,spotify:track:1EEm8G2N213mjTDmUYv9hK,Dancing For The Answers,Nick Mulvey,3
629,spotify:track:2DLfiDGID5hImlSz17wcDW,That Look You Give That Guy,Eels,3
630,spotify:track:3CTcTRguhJAsJwhXNUVVKD,Melocoton,Colette Magny,3
631,spotify:track:0ZraTmJ31VKNQGtlnfL3Hx,Hunter,Deep Throat Choir,2
632,spotify:track:1lqIkknUGp0TofqKUhxT4W,It Takes a Lot to Know a Man,Damien Rice,1
633,spotify:track:2bahH18wWfRwc073dKyfkT,"Les Indes galantes, RCT 44, Nouvelle entrée, Les sauvages, Scène VI: Rondeau - Duo et choeur ""Forêts paisibles""","Jean-Philippe Rameau, Teodor Currentzis",3
634,spotify:track:2MZSXhq4XDJWu6coGoXX1V,Avril 14th,Aphex Twin,2
635,spotify:track:453spNn4mGdYErYt3rGhSX,Kettering,The Antlers,2
636,spotify:track:297kL99O1dAFpm3UmtYsfm,Truth,Alex Ebert,1
637,spotify:track:2ykBwOYzjSsGd9qSGXZJZU,All These Things I Used to Have,Yakamoto Kotzuga,2
638,spotify:track:32CSEm9SUNVtAEwJfdhgI5,Young Again,Kasper Bjørke,3
639,spotify:track:3XlDJDs3udH7l0H7bwk0WY,Love Songs For Robots,Patrick Watson,3
640,spotify:track:5IwiZFGqfB1Mxw4a7svjw7,Dreams - Recorded at Spotify Studios NYC,Japanese Breakfast,2
641,spotify:track:0ZhCC40jYTJMlt3m5EFJr6,A New Error,"Gernot Bronsert, Sascha Ring, Sebastian Szary, Kai Schumacher",1
642,spotify:track:2tnVG71enUj33Ic2nFN6kZ,Ride It,Regard,3
643,spotify:track:7MUazB4rGIqFFIkjT95rCO,Baianá,Bakermat,2
644,spotify:track:0nLMjIuOsMjEq4IKuJ2twa,I Am a Victim of This Song,"Pipilotti Rist, Anders Guggisberg",3
645,spotify:track:6mhpUaJuVjfvKQ9IDkiXB8,Birds Are Away,S.F.T,0
646,spotify:track:4JvXFWVNcU8WJebrKTeqty,"Theme (From ""Eternal Sunshine of the Spotless Mind"")",London Music Works,0
647,spotify:track:1aWv9DUKWkRD8k54O3uhc8,I Know You Care,Ellie Goulding,1
648,spotify:track:3Gda1sTo2ZjbztjjsnAsP3,Slip Away,Perfume Genius,2
649,spotify:track:5CeL9C3bsoe4yzYS1Qz8cw,Girls & Boys,Blur,0
650,spotify:track:4XZwpHpscrMkbpQPqjnwRJ,King Of My Castle - Roy Malone's King Mix,"Wamdue Project, Roy Malone",3
651,spotify:track:407ltk0BtcZI8kgu0HH4Yj,Into My Arms - 2011 Remastered Version,Nick Cave & The Bad Seeds,1
652,spotify:track:6usUr9SeWHEWSSMaxBwBUt,Remember Roses,Lola Marsh,2
653,spotify:track:5n0zsZHAP1lUwc9cGuwxhr,Somebody To Love,Valerie June,0
654,spotify:track:3OAMD82D1pc8BIT9wpfcIc,Rose,Anne Sylvestre,3
655,spotify:track:3PZ0RoABbjIZhqvfFizOqa,Edges Of Illusion,John Surman,1
656,spotify:track:3tchJ8gDgMdaSxpaLxlr1F,To Be Alone With You,Sufjan Stevens,1
657,spotify:track:2gtlOqflrGnGEXCLrUzSjC,Lemonade,CocoRosie,0
658,spotify:track:4xjbqAESp0RRBpnHlGebjR,If Only,Gin Wigmore,2
659,spotify:track:5YztJeRgdKu1Ndp6GRyBdv,Stay (just a little bit more),The Dø,3
660,spotify:track:6nX4R2UiVrg6XZphd3QjaI,What's A Girl To Do?,Bat For Lashes,3
661,spotify:track:26pD7Anel4rLMIPYvSoXKk,CandyLand,CocoRosie,2
662,spotify:track:1BKl6JHciO3gjIjTzsG7hF,Peut-être a-t-il rêvé?,Raphaël,0
663,spotify:track:6REf066xmdQ7Elm1LGzB4D,Church,"Saint Michel, closegood",0
664,spotify:track:64cR8bRHatXuVJNd2Lg6TX,Surrender,Ólöf Arnalds,3
665,spotify:track:53kgaMYtWvX92WbU50z0k6,Peaks,"Fyfe, Iskra Strings",3
666,spotify:track:5Va9NmPXCqhxoTBKDbnoar,If You Only,Anna Leone,1
667,spotify:track:4dzp8GRpioWBDVABY2JI42,Petals,Bibio,1
668,spotify:track:0hDQV9X1Da5JrwhK8gu86p,Maps,Yeah Yeah Yeahs,2
669,spotify:track:5urJXg073FQhGTYsmOc4dB,Tongue Tied,Grouplove,0
670,spotify:track:4dnC4CojiXNTipgNzrxmbw,Melody Noir,Patrick Watson,2
671,spotify:track:7pdGcSqnLRkqgzskREHksY,Succès fou,"Christophe, Nusky & Vaati",0
672,spotify:track:1VyL8fxhRK75dUDWnM2Sqf,Love,Nasser,2
673,spotify:track:3Hv3jFa44MeGvd88EkOKBu,Caramelo,"Uzielito Mix, B&b, Michael G, Dj Esli",3
674,spotify:track:2cX3Om7xlCQxKRYo1ofvOM,Le Encanta,Alu Mix,3
675,spotify:track:0EL1FTpKqZgA1jNWl04CCi,Me Provocas,Fumaratto,0
676,spotify:track:6FmwfLbteUqHfcz10Ab9yY,Dr. Psiquiatra,Gloria Trevi,3
677,spotify:track:6ZUBqOrjrdmkP4eLQLBeaq,Miami Vibe,"Adriel Favela, Código FN",1
678,spotify:track:4R8BJggjosTswLxtkw8V7P,No Me Conoce - Remix,"Jhay Cortez, J Balvin, Bad Bunny",2
679,spotify:track:5M6bJO7Cfl4lnPoAHG0EdD,Amor a Primera Vista,"Los Ángeles Azules, Belinda, Lalo Ebratt, Horacio Palencia",3
680,spotify:track:4Clmg1g8n2yBYG13Z1oSdG,Baila Conmigo (feat. Kelly Ruiz),"Dayvi, Victor Cardenas, Kelly Ruíz",3
681,spotify:track:5VGlqQANWDKJFl0MBG3sg2,Use Somebody,Kings of Leon,3
682,spotify:track:1KbuhBnzMHp4eq1q6flhWd,Ain't No Mountain High Enough,Diana Ross,0
683,spotify:track:3NDTh0ZPIG2zY2VUJ8jG3L,Mmm Mmm Mmm Mmm,Crash Test Dummies,3
684,spotify:track:1kQjyyI3xZixtByFizxlXE,Ndokulandela,Bongeziwe Mabandla,3
685,spotify:track:1sH0BilBR8geHAG1nQgvPs,Nothing Matters When We're Dancing,The Magnetic Fields,0
686,spotify:track:18gX0r27pdgG9yTv2oqY6X,So Far,HaBanot Nechama,2
687,spotify:track:67eboBDWjYJAc2nJyPDO5o,Je brûle,Baptiste W. Hamon,3
688,spotify:track:2cEkHtCllQpjDPNZHhCCXE,Armenia Quindío,Joan Thiele,3
689,spotify:track:7e4FUbyVbTcNUiGJszVhBt,Dakota,Robert Francis,1
690,spotify:track:1GeW6OMdKNjkjkWdJGT4M2,Nothing Really Ends,dEUS,3
691,spotify:track:1FvKUoIFDdPekYpHujR4OH,Le Slow,Granville,3
692,spotify:track:7oDBDM0S3KTUGsMrhiVzJM,Italia 90,Kid Francescoli,2
693,spotify:track:66s3YLNYCHWcUeir1zRxhl,Palm Trees,Baxter Dury,1
694,spotify:track:5juBKIr7vbfAUgFpa34DuO,Habibi,Tamino,1
695,spotify:track:6GJ8rzY3609SaKchXvVQJf,Us Again,Sage,0
696,spotify:track:5wHXoJvCxIj8Fb3okJvwUQ,Le ragazze fanno grandi sogni,"Solis Quartet, Edoardo Bennato",0
697,spotify:track:61VptdUUGBeSFPGnJD5z8p,Una storia importante,Eros Ramazzotti,3
698,spotify:track:4QxYNlnrRpAOVGqPEdd7iA,Tu,Umberto Tozzi,2
699,spotify:track:6pYUS26kY5cl4APDMcdCsW,Il Volo - Remastered 2007,Zucchero,3
700,spotify:track:64MgoldMurtnYHbrpJDB72,Azzurro,Adriano Celentano,2
701,spotify:track:7sXTcibuNYugjjYNfgf2kY,Felicità,Al Bano And Romina Power,0
702,spotify:track:2dXAmfTnWAzuBakuyMNoMu,Curls,Bibio,3
703,spotify:track:54rf1YaweC3nGqHr6a4osg,Moi J'ai Confiance,Philémon Cimon,0
704,spotify:track:6IL0GVfdhvBnZciGxjgvIe,Falling From Grace,The Gentle Waves,3
705,spotify:track:5wHYpifJwXxjVJPckMfvdg,Two Trees,Edgär,3
706,spotify:track:69AoGCrqDo2Ycj3Wm27NxM,Sweet Talker,Jessie J,2
707,spotify:track:3RolrmlZyLnZOkuXKe2wcE,Jeter un sort,"Alex Nevsky, Cœur De Pirate",2
708,spotify:track:27jvgohavsXxZUy88a2V0S,Chienne de vie,Zoufris Maracas,2
709,spotify:track:2eSPdYnFuA9xobTMCbygXO,Summer Maddness S.A.,Karriem Riggins,0
710,spotify:track:4dHZiTT7iTyDI9dyAbu7rh,Sweet Babylon,Asaf Avidan,3
711,spotify:track:6pMFZA1L77uNUDd1MGNFBU,Come to the Fore,Fellini Félin,0
712,spotify:track:7qEKqBCD2vE5vIBsrUitpD,ilomilo,Billie Eilish,2
713,spotify:track:0lnfcWRREvnGtXPP2ZDeq7,Que Sera,Wax Tailor,2
714,spotify:track:2o2KHNSVo9VNwMTZkKqHMb,Peace of What,"RJD2, Jordan Brown",1
715,spotify:track:4O0WSMAJAcPycBE7B6Gqe3,Close My Eyes,"Erik Nagel, Victor Nebot",3
716,spotify:track:5hwrRyteYSTjr1NO47EY8w,Manfred,Part Company,1
717,spotify:track:2qwaRVGyn7zdIFPbhKXmEm,Captain Of None,Colleen,0
718,spotify:track:4kw5zxJqMwom9vS66wsOP0,La fille aux cheveux de soie,Frànçois & The Atlas Mountains,3
719,spotify:track:7fThISjo6Eowu1ymWy7NxL,Home,Austra,1
720,spotify:track:6roSI9jonCiMhPeLZuEn4O,Never Forget You - US Album Version,Noisettes,2
721,spotify:track:5h0Jgt873QtgL6nJRBGfT6,That's Life (feat. Mac Miller & Sia),"Mac Miller, Sia, 88-Keys",0
722,spotify:track:0rlfGg5Ym6J9AA97ah7voH,Suspirium,Thom Yorke,2
723,spotify:track:2CeCHy3h8yr8mybtgxQgzB,086,Pajaro Sunrise,0
724,spotify:track:69r6NNV09VANZZJjPzDEAn,Technicolor Yawn,The Dumplings,0
725,spotify:track:17wlfpe00lYXyroKSOKzVg,Don't Call,Desire,2
726,spotify:track:4gWUdUn0h51FbeA9SfICYE,Somehow,Toun-e,0
727,spotify:track:3aY3gBVJ9rc104V1nRHiPa,Lose It,Austra,3
728,spotify:track:0guzngk1qWk5sgdYbThEGI,Death and All His Friends,Coldplay,0
729,spotify:track:1NcXkWB3UwXfMt8izByICb,Big God,Florence + The Machine,2
730,spotify:track:3VFj5odD26z1u2eV6Vwxa6,River,Ibeyi,2
731,spotify:track:136D8hySvs59kAXsTWRrPT,I'm Waiting Here,"David Lynch, Lykke Li",2
732,spotify:track:5VWWR3bMPNGtnCNEaCRWPw,"Capriccio for 2 Violins Op. 8 No. 14, ""Per sonare il violino con tre corde a modo di lira""","Biagio Marini, Repicco",0
733,spotify:track:1LzNfuep1bnAUR9skqdHCK,Fade Into You,Mazzy Star,3
734,spotify:track:6VmBgpdYXbCXQ4eNA6KKDt,Sabali,Amadou & Mariam,2
735,spotify:track:6CCgjmiQfUmpz4FRpUnrU7,Asleep on the Train,Tom Rosenthal,2
736,spotify:track:32GxSibwrYAGW4ZZ45CGHA,La Forza,Elina Nechayeva,2
737,spotify:track:7jMIBkDyUOLm57QvKpac0U,Glockenspiel Song,D.I.D,0
738,spotify:track:6Ghd3CbFigfo84MHAFrQfT,GOMF,"DVBBS, BRIDGE",0
739,spotify:track:0IcSLT53eE07Jmok64Ppo3,Space Song,Beach House,0
740,spotify:track:7rbCL7W893Zonbfnevku5s,I Need My Girl,The National,2
741,spotify:track:5uZLsGY9fknBd5Rxr7AIss,Shut Up Kiss Me,Angel Olsen,2
742,spotify:track:1JBqLoGfH1LnGTE0wzAatU,Hatrið mun sigra,Hatari,2
743,spotify:track:4m5FlWpaOri9OrDUj1EoTg,Zero Gravity,Kate Miller-Heidke,2
744,spotify:track:2dxky69jKzbtUfA3Hl8Nuo,Soldi,Mahmood,3
745,spotify:track:4jNQkWhuzqrbqQuqanFFJ6,Where Is My Mind,Maxence Cyrin,1
746,spotify:track:01qIefOW1UdSDS1mHoSZ3x,Slacks,St. South,1
747,spotify:track:1frLfdzAN9vP7iryVFkchw,"Hey, That's No Way To Say Goodbye",Feist,1
748,spotify:track:1Avnd5xLg7HmaNofmYk7RQ,Withorwithout,Parcels,1
749,spotify:track:2Xb6wJYGi0QXwURw5WWvI5,Right Down the Line,Gerry Rafferty,2
750,spotify:track:0NeJjNlprGfZpeX2LQuN6c,River,Leon Bridges,3
751,spotify:track:2Yw2IZdMHoREKVADi92Hka,Safe,Petit Biscuit,0
752,spotify:track:2waH47ZaqIWDk976W9Lqf8,Suffer,"Petit Biscuit, Skott",3
753,spotify:track:71qEh0jkx6aD7XGb7HaAF5,Rubber Ball,Cage The Elephant,0
754,spotify:track:5hC0zQNulh7R4R8pM6gCJ9,Viszlát nyár (Eurovision Song Contest 2018),AWS,0
755,spotify:track:30BuDMpDLpiMvAWy9ShNKL,"Continuum, Piano Concerto No. 1, IV",Jeroen van Veen,1
756,spotify:track:2fwkl5Z8ujDtAh6qxEA5x0,Lil Bebe (feat. Lil Baby) - Remix,"DaniLeigh, Lil Baby",2
757,spotify:track:3wfujdbamR3Z46F4xav7LM,Drive,The Cars,0
758,spotify:track:2WRFD9WczJ975X2K1Y9YVs,Heads Will Roll,Yeah Yeah Yeahs,2
759,spotify:track:6U1ZRIj9zOMD9ZBV4PpNzZ,Pulaski at Night,Andrew Bird,3
760,spotify:track:3gVuz4Bhvxb2J0iGSH8bCZ,Love is All,The Tallest Man On Earth,0
761,spotify:track:0331CPjueco4BlAbhA2ghs,A Lion's Heart,The Tallest Man On Earth,2
762,spotify:track:1DeuZgn99eUC1hreXTWBvY,Ungirthed,Purity Ring,3
763,spotify:track:1RUTIdTnFs8lHSc0Zr4UJB,Up Up & Away,Kid Cudi,2
764,spotify:track:5D7QTOjUj1xtOKlGHFc6XT,Aux étoiles,Colours in the Street,2
765,spotify:track:3sI748R5xMEtkU4HFRJh7C,How I Needed You,Puggy,2
766,spotify:track:3ZPpFEandljtmTnz8D4trH,And I Am Telling You I'm Not Going - Original Broadway Cast/1982,Jennifer Holliday,2
767,spotify:track:6N4VxljupIGaXMwozUfnDH,Nausicaä of the Valley of the Winds - Nausicaä Symphonic Poem: Second Movement,Joe Hisaishi,2
768,spotify:track:22v9ZVkWWAYjderL7ZWuuH,Mountains,Message To Bears,2
769,spotify:track:78sjOk4yDMFShsoFzy3ctJ,Remember,"Seinabo Sey, Jacob Banks",0
770,spotify:track:5Yb82JrDj09gQHQtjWgYYo,Pink in the Night,Mitski,0
771,spotify:track:0bxoiLuzBhL2B3ODrAU6cp,Voices,"20syl, Rita J",0
772,spotify:track:42rNUQpOZa7uM4ya4aqYr2,Twin Shadow,Canine,2
773,spotify:track:1vP9T20M1JAuurEjYu80Bt,Erreur 404,L'Impératrice,2
774,spotify:track:260V7huyJrXnyYe0dFv2Fa,Canopée,Polo & Pan,3
775,spotify:track:4g59OArEyrDmlTgbciGYNy,Sun,Talisco,0
776,spotify:track:0SejtgK1nSX3pD1gLErlfZ,Hiéroglyphes,Pépite,1
777,spotify:track:4dVcaqqxV7alre6c1vRoik,L'escalier,The Pirouettes,2
778,spotify:track:6S7ZdwmVM5mG1rJdtYVUaj,Für die Sterne,Dota Kehr,0
779,spotify:track:0G7vexduCvboPyIGjJXQIC,Wenn du tanzt,Von Wegen Lisbeth,1
780,spotify:track:7p9dd71JR2ucoAuO1Sy0VZ,When You're Gone,"Bryan Adams, Melanie C",1
781,spotify:track:5IVCuswUfdYjl2eQ2FHqUd,Hard Knock Life (Ghetto Anthem),JAY-Z,1
782,spotify:track:62ke5zFUJN6RvtXZgVH0F8,Only Love Can Hurt Like This,Paloma Faith,0
783,spotify:track:5dXI2NV7X2c4anyLFbQdEX,Honesty,Pink Sweat$,2
784,spotify:track:0t3BGP2os4LjXL9TVQn6O0,Now That You're Gone,The Raconteurs,0
785,spotify:track:5IR3jlX5BWsDabqWPsL50V,Déjà vu,SOAK,0
786,spotify:track:6aH3QgooXRmx8k8jzrSm3V,A l'Ammoniaque,PNL,3
787,spotify:track:06dymWFoulnJ0Oo1iRjek9,First Aid Blanket,Las Aves,3
788,spotify:track:6fLCwu8qamknMIXjrtKaup,Die in Shanghai,Las Aves,3
789,spotify:track:1evi0s1rOH5ZFJkrCWbStm,N.E.M.,Las Aves,0
790,spotify:track:5MSrVX1WHlxUQQrntH5lgP,Perfect Mess,Las Aves,2
791,spotify:track:5DD13EL9JpcxYLcCKcl1Ut,"Perfect Mess, Pt. II",Las Aves,2
792,spotify:track:7gWgWcO8WLuytgTDHG0d2N,Blue,Las Aves,0
793,spotify:track:7DjXDfpV1ijhXk7357th6j,Gasoline,Las Aves,1
794,spotify:track:0SKKxOtKR8la4sTHtkAzfZ,I Dreamed (feat. Olivia of The Dø),"Las Aves, Olivia of The Dø",2
795,spotify:track:0zGQ0FAGQC6O8GFJzJwvof,Il neige,Voyou,0
796,spotify:track:0Zsbk1fxIW0VzV1m2E6Vjz,Faire front à la mort,Noé Talbot,2
797,spotify:track:4g8KmFbRrgjXMAh4fT9EhG,Cities of Gold (générique américain),Le Groupe Apollo,0
798,spotify:track:6tg78GaKpUvzl35v1c6y1i,Les Mystérieuses Cités D'Or [Générique Les Mystérieuses Cités D'or],Jacques Cardona,2
799,spotify:track:1KU5EHSz04JhGg3rReGJ0N,Black Velvet,Alannah Myles,2
800,spotify:track:11rsK9GDZ9UdWsxtDqnMmN,¿Porqué te vas?,Jeanette,0
801,spotify:track:0HoKfFgT9BeJGFk9vTgHzs,Shadow,Chromatics,2
802,spotify:track:0nFiXjQUmqZJnskf6nKi70,I Love You,RIOPY,3
803,spotify:track:2iWfZFAF8BCi0CY4NyuP8D,Gamma Ray,Beck,2
804,spotify:track:0cCVuMePpq4i0K9CPbv9uk,Aire,"Euseng Seto, Flica",2
805,spotify:track:1G50YqIcXQqXOSUYszZU67,Where Time Goes,Takahiro Kido,2
806,spotify:track:5i5bOU1fcbGkUKSQ87aNM7,Disintegration Anxiety,Explosions In The Sky,0
807,spotify:track:7968VDFBMO9lB9s8zvHscl,Superchérie,-M-,3
808,spotify:track:2wsXmtsA08Pe3xZlGNkLgd,Gam Gam,"Marnik, SMACK",0
809,spotify:track:33g6xcBaQZNKWG56K7XwwU,Éviter les naufrages,Pépite,1
810,spotify:track:1cinSNWNJeGVxMgUSNCHRT,Seul sur ton tandem,Voyou,0
811,spotify:track:0rDrNb4MEEHTiRbxGx6eFr,Last Dance,Scratch Massive,2
812,spotify:track:1MQO0Ui3u0IIgAmRwsjsf0,Un Jour Comme Un Autre,Degiheugi,3
813,spotify:track:7EkYBFYr47DwVy9WFkJiMM,Le sommeil,Barbara,2
814,spotify:track:6oRbm1KOqskLTFc1rvGi5F,Roads,Portishead,2
815,spotify:track:1VsuSOEVhuCaybeb1rFeCM,The Magic Key,One-T,0
816,spotify:track:7F1gf1fmwY8ajGWAuTIhI3,Blizzard,LITE,3
817,spotify:track:4kcO9dj7BR7wl5AN4193Cm,Home Alone,beabadoobee,2
818,spotify:track:2MZpnGSXiJamWiwsXpBLHW,I Can Hardly Make You Mine,Cults,2
819,spotify:track:78IOa4E1H4SCGTXEESQuQf,Sunshine,Seneca B,2
820,spotify:track:7KubeWC5zOcYOLTYxCtnYE,In My Arms (feat. Jamie N Commons),"Grizfolk, Jamie N Commons",3
821,spotify:track:3VOrtLsn6VBoqfcB8BqIU0,Graveyard Whistling,Nothing But Thieves,3
822,spotify:track:6PXu50lffKz0RckbgmCHwh,Alabina,Ishtar,3
823,spotify:track:0IaVoG6oN3VNFRTVkDPb8e,Spy (feat. Ben l’Oncle Soul),"Beat Assailant, Ben L'Oncle Soul",2
824,spotify:track:1fOfQq0kJ7dr3iOXBNT7hT,Constellations,Darwin Deez,2
825,spotify:track:15gUoVepdWvSGqBNEoktfv,Farewell to Wendo,Mock & Toof,0
826,spotify:track:1lVsTSx4SM5jvA524cSjJO,I <3 U So,Cassius,0
827,spotify:track:1soTpc5eB70AVTQpfKbShT,Psyche or Like Scope,Family of the Year,2
828,spotify:track:0b6KJL1nAkMywA1gRfE2zc,Embody,Sebastian,0
829,spotify:track:1MoZ12tgQX0AXiQKWCDk2o,Slippin,Quadron,2
830,spotify:track:0hSP2xFZ5FxfIZcqDwByEw,Stereo,Elephanz,2
831,spotify:track:1VnonTIjXMdRhu0tTQJ0E4,Crazy (Nôze Remix),Ornette,0
832,spotify:track:1glxnUh3s9ZFqx3hYGOhjC,Lady,Chromatics,0
833,spotify:track:14IXXVVVjyxKTUZrnLDV2G,No Room for Doubt (feat. Willy Mason),"Lianne La Havas, Willy Mason",1
834,spotify:track:0qEWf25Od6Cz1iczdR1Psc,Pan,Mina Tindle,2
835,spotify:track:1jYKQiIBgfSmX9wNkt7nDs,Viene De Mi,La Yegros,3
836,spotify:track:0bO3mLhIrJu9fj9ThSXEke,Matilda,ALTJ,1
837,spotify:track:0SNG3Rze4j6yKzpNWIrxBA,Life Round Here,James Blake,2
838,spotify:track:08zG7iTJYe4SambjBoXnAc,Photomaton (feat. Elodie Wildstars),"Jabberwocky, Elodie Wildstars",0
839,spotify:track:1YwE4CRowvwzmYyYH4QnAw,Down,Haute,1
840,spotify:track:2a69nIPauoskmtC8xpxabg,Spinnin’,Speech Debelle,2
841,spotify:track:33TZp8fKEAQAw2mu1dOOld,What You Do to Me,Blakroc,0
842,spotify:track:32Lg3ABiUPzkaKuo1WXond,Odessa,Caribou,2
843,spotify:track:3O8kJCniHWFd1qDGI9s7uc,Tighten Up,The Black Keys,2
844,spotify:track:3ThxZVDosGitPNNVktObvJ,Wires,Owiny Sigoma Band,3
845,spotify:track:31AUyyOfHtzEumsOWKi9iS,Shuffle a Dream,Little Dragon,2
846,spotify:track:2H3UHxC0vDNAVmZB0kNk90,Home Again,Michael Kiwanuka,3
847,spotify:track:2npJnWJFdLLLA4j96wiMhz,White Light,Plugs,1
848,spotify:track:2qTVgZLSvM7jO7WjukVh8H,Tiene Sabor? Tiene Sazon,Ondatropical,2
849,spotify:track:2Mc1iQhna3HONILcP10n3M,She Don't Lie,Jennie Abrahamson,1
850,spotify:track:2zj56kskAGif3g05p7ejvJ,Postman,Melissa Laveaux,1
851,spotify:track:3LooLA7Ms2VS58SvVnSkmn,Eclipse Blue (feat. Kazu Makino),"Nosaj Thing, KAZU",0
852,spotify:track:2Gmwtm8scyic2Userg9fhl,Silbo,Féloche,3
853,spotify:track:2oqccTJXu2eqgaoOc7GHjc,The Fall,Rhye,0
854,spotify:track:2RY7NaKUzWXBClx4pIw2br,Man O To,Nu,3
855,spotify:track:35IUd0C9rOV29VYus5DNG1,Another Night (feat. Pupajim),"Stepart, Pupajim",3
856,spotify:track:2zq8KL0RfRRPlTVVsnzyjB,Stand Still (feat. Micky Green),"Flight Facilities, Micky Green",1
857,spotify:track:3GUUAHXUtYg20pcyK6uesv,The Reno Poem,bigott,1
858,spotify:track:39FeUyH9kJTeb6KJBVBYM2,Sinner,Naomi Shelton,2
859,spotify:track:2nbnUBwCi7vJkfiZ3YeuWJ,Prince Vince,Kid Francescoli,1
860,spotify:track:3ceaffXIcI3LoMirXR5UhV,"Gone Baby, Don't Be Long",Erykah Badu,3
861,spotify:track:45Lz5ZusGA2gvWlYbuu20Y,I Need a Dollar,Aloe Blacc,0
862,spotify:track:4zkn19bzwQVqpdgF9IiNNr,Reality & Fantasy (Gilles Peterson Remix),Raphael Gualazzi,0
863,spotify:track:4V3hriBIcWjevZAthJf6KC,The Lighthouse,Applause,0
864,spotify:track:4YjmLjWraW1URDiWpkDY2Z,Count Those Freaks,Whitey,3
865,spotify:track:3zc6WmZJ4Tdqi3vf2xGREq,Lero-Lero,Luisa Maita,3
866,spotify:track:4LQwIMQYNhlsb6ASsVKtVd,Losing My Patience,Shit Robot,3
867,spotify:track:3WSvXMgoU78kNwMBS8lfp2,Someone to Love Me (Naked) [feat. Diddy & Lil Wayne],"Mary J. Blige, Lil Wayne, Diddy",2
868,spotify:track:3VqQHioh0J2AMSjrb3CwIE,The Look,Metronomy,3
869,spotify:track:4kqvWCkfrwSkG8e1aeQNJz,BTSTU,Jai Paul,0
870,spotify:track:4z8xruE8feyULemRdbVXbv,Black Water,Timber Timbre,3
871,spotify:track:4iunbE2ga3zMMoLJN1cvUx,Babar,Part Company,3
872,spotify:track:3VchFPNB8GFesWaJnL4mvC,The Wolves,Ben Howard,0
873,spotify:track:44EuiAduKB1B1a8KG5CZFt,Herzan,Soapkills,0
874,spotify:track:4920CPh1N9YOLJEYaKGGT0,Kambuà,Bonga,0
875,spotify:track:4L5uzIUyACWjKHKznxchDe,Sub Sahara (feat. Nassim Kouti),"Fedayi Pacha, Nassim Kouti",0
876,spotify:track:4YGQvnPWthILeN6ji5LALn,Garden of Love,Winston McAnuff & Fixi,0
877,spotify:track:3uHnc16nIab22pXy29xv7h,Dream,Husbands,3
878,spotify:track:4OP4dLwkt0Yb76MDjCAsKg,Prisoner,Har Mar Superstar,3
879,spotify:track:4gNqNDNtHtVShTW8AfZuGN,Represent Heart,Farhot,0
880,spotify:track:6VZct80NPDEjqoUIquBU9s,The Raft,Fat Freddy's Drop,0
881,spotify:track:6SDpVfTmadN53oxsOg4oLN,The Keeper (feat. Andreya Triana),"Bonobo, Andreya Triana",3
882,spotify:track:69RGlDt2ZmBdFwDuiNCbir,Everlasting Light,The Black Keys,3
883,spotify:track:50h6TwoxuRyCEpDk7QtX5H,Fallen Hero (feat. Ben Onono)[Motor City Drum Ensemble Remix],"Ben Onono, Nu Frequency",2
884,spotify:track:6YGFwEBu0EGdTmCisIR6oy,Blue Steel,Bot'Ox,2
885,spotify:track:6R8vxA7qFbOv1OBTmmUPTW,Unluck,James Blake,2
886,spotify:track:6L3Sr6hREoWFRuelcsBmr8,I Will Do,Moriarty,0
887,spotify:track:75zpETqQYIGVO7KIMOnplm,Brand New Start,Concrete Knives,0
888,spotify:track:5eTJAlIc9WjMQIbqJAo1iz,Baby (feat. Hollie Cook),"The Shoes, Hollie Cook",0
889,spotify:track:63c36wlhlIL14JcghcpwCE,In the Grace of Your Love,The Rapture,2
890,spotify:track:5B6aNGBrXBgNHZtxTf4TXv,Dead Wrong,Hanni El Khatib,0
891,spotify:track:6RiR0V5BIAkoQGxoP9yXsz,III Fit,Wave Machines,2
892,spotify:track:6AA0uzhgRw05iTWlZrZ82r,Rose Quartz,Toro y Moi,0
893,spotify:track:5qhcAXN0xeBc165yLOugl6,Default,Atoms For Peace,3
894,spotify:track:5r9BNCdnJ3UbMrXjBeozUT,Skyscraper,Elephant,3
895,spotify:track:5VIXjePyBqhE30AN9TGOTE,Lovin You,Stwo,2
896,spotify:track:6kX83ErS0Ic0ihWknJoJri,St. James Infirmary,Paul Noyah,3
897,spotify:track:652KhCevFYMDTZks4FVhql,"Drive, Pt. 1",Ben Khan,2
898,spotify:track:6GC27hQcTVsxg1HsUOuYKi,Sega Jacquot,"Dom La Nena, Rosemary Standley",0
899,spotify:track:5VVSzsloeAsbdSg8hVTrVt,Paris,Black Atlass,0
900,spotify:track:7MzN2HlDPSCmWzE4Er8st9,Cruel Intentions,Simian Mobile Disco,3
901,spotify:track:7ihnQzpApxtd3LLZkf0Kad,Gabriel (feat. Valentina)[Nova’s Edit],"Joe Goddart, Valentina",1
902,spotify:track:7KBGtFChFnjKyd70fii18G,Midnight Sun,Isaac Delusion,0
903,spotify:track:7pEbGJUF6h6DOPFP4b3ipf,Diamondz (Blackjoy Remix),Y'akoto,3
904,spotify:track:7JTJOtXhMPs3BL1CQquZ1b,The Load,Barbarossa,0
905,spotify:track:7M5CHiV9CpIAuMqdz5WKxd,I'm to Blame,Boardwalk,3
906,spotify:track:3qBg6BeHJlGgwl5aCa09EC,Revolution Lover,Left at London,2
907,spotify:track:59wlTaYOL5tDUgXnbBQ3my,A Moment Apart,ODESZA,2
908,spotify:track:77judbhP5gwHPnuY0y8D58,The Pattern Calls Out,Jessica Curry,2
909,spotify:track:42Xesu4U4nM3CCjMk5X3kM,Sur le drapeau,"Suprême NTM, Sofiane",3
910,spotify:track:7ycDyrJEPBwzy2uAvtTZyh,Le Premier jour (Du reste de ta vie),Étienne Daho,2
911,spotify:track:2bZNwQvu1GQn0DvytrSwUx,The Catcher in the Rye,Elephanz,2
912,spotify:track:0qprlw0jfsW4H9cG0FFE0Z,Cold Little Heart,Michael Kiwanuka,2
913,spotify:track:78T9DulqSBWqkaxczcGBfk,Man On The Moon,Kid Cudi,0
914,spotify:track:23SZWX2IaDnxmhFsSLvkG2,Gorgeous,"Kanye West, Kid Cudi, Raekwon",0
915,spotify:track:15VRO9CQwMpbqUYA7e6Hwg,The Man Who Sold The World,Nirvana,0
916,spotify:track:2RyiGdY33PR4aCTUolEhk7,On A Plain,Nirvana,0
917,spotify:track:3bH8PZsfbCRIoeNiFm7JmU,All Apologies,Nirvana,1
918,spotify:track:551qy5vUgrUfEUc4dCNfht,Where Did You Sleep Last Night,Nirvana,0
919,spotify:track:7B2z2GOTBXsM41euVZ5LWW,Bhopal,Khan Kalima,2
920,spotify:track:1EezwXZMbRkPBYDZz0EZ2H,Rebirth,Napkey,1
921,spotify:track:2SP9nsO6AwObpCMNGKqleK,Do You Remember,"Jarryd James, Raury",1
922,spotify:track:7jDe24vXWUNX8Jl2hZHrIS,High Hopes,Kodaline,0
923,spotify:track:2EllydpSVxCQJT2ssTbFL6,The Story of the Impossible,Peter von Poehl,1
924,spotify:track:3F7CTSlDGfe6NLYINZSbq2,Marathon,Napkey,2
925,spotify:track:4J7DTtM7LZ3t9LmGtiqDTX,Insomnia,IAMX,0
926,spotify:track:3mkS1alZdcdBQuIMad8aee,There Is a Light That Never Goes Out - 2017 Master,The Smiths,0
927,spotify:track:5b93ExHMimxq1QtCC0BZMg,Shiner (feat. Ginger and the Ghost),"Indian Summer, Ginger, the Ghost",1
928,spotify:track:17KXSmcK9QmfYRdYoDUikU,Palm Kings,Indian Summer,3
929,spotify:track:3D1XLwx88pGwHqaad1Hca1,Hem Na Nkosi Bo,Miriam Stockley,3
930,spotify:track:7eClkLWbrr3TorYedzaDkI,Waiting,Alice Boman,0
931,spotify:track:7ol59kVwq3DQyyjKZ2DRzy,Jungle,Tash Sultana,1
932,spotify:track:6FW6JfPbLov2pOFMsEbSgh,Panic,L Devine,3
933,spotify:track:4hkzx4KLPDkABV2Xz22fls,Too Insistent - Trentemøller Remix,"The Dø, trentemøller",0
934,spotify:track:6jOpA0UG23yw4MyXQKa6iz,Billie Holiday,Warpaint,3
935,spotify:track:0V2SavjRuimH4TIbrKyyN0,How Deep Is Your Love?,The Rapture,3
936,spotify:track:5epszgVX6xIOgNdGOQbTmg,Chinese Puzzle - Générique de fin,Kraked Unit,1
937,spotify:track:7eN0Sdh3AE1VKKLSsFwKBh,Want It Back,"Guts, Patrice, The Studio School Voices NYC",3
938,spotify:track:52VzhpS5lmcrULu2Bn8PnX,Brooklyn Streets,Sixfingerz,3
939,spotify:track:4prEPl61C8qZpeo3IkYSMl,Sleepyhead,Passion Pit,3
940,spotify:track:70WyPf8WtXvG3CgeTZZWz6,Nantes,Beirut,2
941,spotify:track:5HQEmiV2lKnSO6qa2fsR7x,I'm Not In Love,10cc,3
942,spotify:track:63fj7dR4QGRHDHKZStUuAY,Bad Things,"Milky Chance, Izzy Bizu",2
943,spotify:track:0vmgLPLunwHFxEw5fIO0km,Homesick - Live,"Gentleman, Milky Chance",1
944,spotify:track:1dEHQktvcM8vCCyI1x7yVB,You're The One That I Want,Lo-Fang,2
945,spotify:track:6oz4pWHGtsAO1QVMrqx7Vi,Wait For Me,Luca D'Alberto,3
946,spotify:track:61mtxdVMUKOTEf6Lbl0EHi,Just Make It Stop,Low,1
947,spotify:track:4JbmcPawCB84GH4DTrjqSK,Blah Blah Blah,Armin van Buuren,3
948,spotify:track:0icB8wBBDILkSQtLBoI3Rs,Je pars,Dalida,2
949,spotify:track:4MrwJDlbxpRCdbZWznfbyx,Sweet Disposition,The Temper Trap,0
950,spotify:track:6gBvxdyFb3Dx3GLPuFNtAH,My My My,Armand Van Helden,1
951,spotify:track:3YH8r4ajTrXf3p2NVR9HHv,Les filles désir,Vendredi sur Mer,0
952,spotify:track:46eHxWRKmtYhUHPDRgclt6,Careless Whisper,Seether,3
953,spotify:track:4eZwrnPpaYUcibAPSZye0Z,Better Now - Acoustic,CLOVES,3
954,spotify:track:5p8dI9pOj5FMjDpEDk9maW,Why Do You Feel so Real,Otrembu Eio,3
955,spotify:track:5doM1qJXf7JN6kyGjRDlTq,The Pursuit of Happiness,Beyries,0
956,spotify:track:0Mgi9TLOXB3tI4w6tpZSon,il,Jean-Michel Blais,3
957,spotify:track:6ruMklGZEAVBjxe4AbD4pM,Les métamorphoses du vide,Chapelier Fou,3
958,spotify:track:3gZborcZNuyLSSwfUXI8nu,Luggage,Chapelier Fou,3
959,spotify:track:0CUPccOp1WfpKCjcFgZsck,Hamesha Tumko Chaha - Devdas / Soundtrack Version,"Kavita Krishnamurthy, Udit Narayan",0
960,spotify:track:2Tvp10wI15AyPqgUYNUUpK,Maar Daala - Devdas / Soundtrack Version,"Kavita Krishnamurthy, KK",2
961,spotify:track:1lGomk0tsbt7orWGK8XoqA,Bairi Piya - Devdas / Soundtrack Version,"Udit Narayan, Shreya Ghoshal",2
962,spotify:track:2rJ2FbhT7g22kubQBc2Xzn,Woh Chand Jaisi Ladki - Devdas / Soundtrack Version,Udit Narayan,0
963,spotify:track:60MtSgn6FttZapzcFeWRZO,Dola Re Dola - Devdas / Soundtrack Version,"Kavita Krishnamurthy, Shreya Ghoshal, KK",3
964,spotify:track:2xlA7kNX6NPtT2LEWspzAQ,Jubel,Klingande,1
965,spotify:track:5JCi3pyggvk4B0yd0BK3ow,Stay High - Habits Remix,"Tove Lo, Hippie Sabotage",3
966,spotify:track:2LiWNkeUOAeibGxJKxmjsD,"Romeo And Juliet, Op.64 / Act 1: Dance Of The Knights","Sergei Prokofiev, Cleveland Orchestra, Lorin Maazel",3
967,spotify:track:0bAYJxEe6ate8gL0G2qj1B,One Step Beyond,Madness,2
968,spotify:track:5FYRDy9dLVi2uTa8httrVk,Comeback Kid,Kasabian,2
969,spotify:track:5LDNaD9VSZ2qe8F70pZ4nH,Je veux tes yeux,Angèle,3
970,spotify:track:7jKp4Yl1p89ByCMOjh2fHR,Peace and tranquility to earth,Roudoudou,0
971,spotify:track:0nMq3EYQTLB9dyXZw4ebbK,I Cry All Day,Hyphen Hyphen,3
972,spotify:track:6NhQDArt6jZiCeFSP11cbI,This Insatiable Love,Kid Francescoli,3
973,spotify:track:0LQn23Rc4YQbI8XhLy4iDW,La voiture ivre,Judah Warsky,1
974,spotify:track:2s3TL6sMAZwaJsUfVAXbFU,I Like It Like That,Pete Rodriguez,2
975,spotify:track:2Lz0SCS9yqGkqifMmX58cU,Le baiser,Vanessa Paradis,2
976,spotify:track:2aFCXdFtYxGlNEvgXRbctK,Words Remain,Moderator,2
977,spotify:track:61KVNC5PEmPmTHKkfF4Muc,Thank You For Your Love,Antony and the Johnsons,0
978,spotify:track:1FwdUkQ8BUZOCqopatIe0S,Pleasure,Baxter Dury,2
979,spotify:track:7wKNpV4iSV1lQIdfJydJw7,One for the Road,Rico Jeezus,2
980,spotify:track:2YM2DxTnWypKCWSlBGYKXS,Only Because Of You,Roger Hodgson,1
981,spotify:track:6CSV9lLEtiYn7HebtScOk2,Hungry,Roger Hodgson,2
982,spotify:track:2nOtOd6fcI7MQ9Bw2QgNoH,Lovers In The Wind,Roger Hodgson,1
983,spotify:track:3uk9kk6rLPsrTVw0tMvZZS,Say Goodbye,Roger Hodgson,0
984,spotify:track:7dltD9eEX7X1zk8JJ9BS0e,Superstar (feat. Matthew Santos),"Lupe Fiasco, Matthew Santos",3
985,spotify:track:22INAzPLnauFoKjjiuB8Je,Tant besoin de toi,Marc Antoine,1
986,spotify:track:1mvZErZBp7WZT3HfGBykao,Cry for You,September,0
987,spotify:track:5VKddbUN1mljgxMogIUdMx,Underneath,Alanis Morissette,2
988,spotify:track:1spxtGkzrCK3qU3TBA2EgT,Ne dis à personne,Medhy Custos,2
989,spotify:track:24NPziq3dayIMKppeI94Um,Last Night,"Keyshia Cole, Diddy",1
990,spotify:track:358bOvBiZCS9fRzNYosw6c,Like a Boy,Ciara,0
991,spotify:track:0HKirbFqlRNUSZ4ZJsiWoo,Hotel Room,"Lord Kossity, Chico, Nicky B",2
992,spotify:track:0qhqYBHSKa8CXIsvENmXUz,Harmonium in the Well,Nils Frahm,2
993,spotify:track:2VZT2ydbnVdUdi2Ccsz7pn,Those willing to tell a story,Wim Mertens,2
994,spotify:track:4BbxSTDqfnX76DtwZLHuJb,The Boy Does Nothing,Alesha Dixon,2
995,spotify:track:1ezVEgZTvQsw73Ni1DbgqI,Boreal,Hotel Paradisio,2
996,spotify:track:2TstNmxA6VQjtPrUMIwkab,Bullets,Archive,0
997,spotify:track:2AX5E86cn9n2dgioZEjirI,Golden Brown,The Stranglers,0
998,spotify:track:2ThXlHa71fMSsTinfTG0jr,Floe,"Philip Glass, Philip Glass Ensemble, Michael Riesman",2
999,spotify:track:4JA4WlneNuzHNMyeTtK2Vu,Heads Up,Jain,3
1000,spotify:track:2SEEmCbeQODBUqOdsf4Hpc,The Tao Of Love,Vangelis,1
1001,spotify:track:67voPVuRbi8p3k2pJ44omJ,Myth,Beach House,0
1002,spotify:track:4820SC1xnUaabzzYQTDkP2,Gnossienne: No. 1,"Erik Satie, Alexandre Tharaud",2
1003,spotify:track:0SoPLeJAxzUh6rKBSzVeog,Dope on a Rope,The Growlers,0
1004,spotify:track:0TIw2THle5NOgw7s0NrwFI,"Gum, Toe and Sole",Gus Dapperton,0
1005,spotify:track:2enPRFda84VE2wtI8c86Uf,Always Forever,Cults,0
1006,spotify:track:0gr60jINHbKdcGlQ83rmaH,Full Circle,Half Moon Run,0
1007,spotify:track:7sXDYdXmR2PnafjkpfdCYv,Experience,Ludovico Einaudi,0
1008,spotify:track:2Z8SpRWDcWCrRBBoX6z80Z,last piece,Lykke Li,0
1009,spotify:track:5qcHNtNeQWSEVTeIwBLwss,Les moutons,Matmatah,2
1010,spotify:track:609ztq0z70ty0fFR3KUuJl,Bye Bye Macadam,Rone,2
1011,spotify:track:4oup3KfsjiTNmx5LiJSZQf,Reelin' In The Years,Steely Dan,3
1012,spotify:track:6b5rA9rthDbZDOQp9UbOgl,Little Lion Man,Mumford & Sons,3
1013,spotify:track:7AwvxYLlFmdoz0hQgyKtNU,I Will Wait,Mumford & Sons,0
1014,spotify:track:7d23MhPFE9eB3U8DPRirnL,Disparate Youth,Santigold,0
1015,spotify:track:1mHMCIkZmLz8T4fY9ADzFJ,Big Mouth,Santigold,0
1016,spotify:track:6yFsek6A532ZP6gL83J08u,Come Online,Kid Francescoli,0
1017,spotify:track:1m5nv5qCa3iCIbnbmvwq2L,My Baby,Kid Francescoli,0
1018,spotify:track:1ud1ewRzyKchqvbjbQ08kZ,I Don’t Know How,Kid Francescoli,0
1019,spotify:track:5MhTmEY9uM9FpCb8agVs8u,Emma,Kid Francescoli,2
1020,spotify:track:0Nc1rZEB2tZLgpxw5nkpEu,Moon,Kid Francescoli,0
1021,spotify:track:0wXYhZtSSoX2jbAfIP2N2j,Into The Fire,Thirteen Senses,2
1022,spotify:track:7k9iVpyeR5ybSPSkvmAP6K,All Around Me,Flyleaf,2
1023,spotify:track:3k0YE00IH1FTQJkZn3394Y,"Générique (From ""Le professionnel"")",Ennio Morricone,1
1024,spotify:track:0YneaceTrAPqoVJ1awPf0R,Velha Chiquinha,Pupkulies & Rebecca,2
1025,spotify:track:7FPOS5P94oairZniNS00td,Cumbia Sobre el Mar (feat. Nidia Gongora),"Quantic Presenta: Flowering Inferno, Nidia Gongora",0
1026,spotify:track:7pBrj5rt4SSxXwFKOyZfHR,Dissolve,Absofacto,2
1027,spotify:track:3RsEMD6feVs1ChpH4gbGJ6,Under Your Spell,Desire,0
1028,spotify:track:1aJrVsHwcQMZ8TZ6mlvT5J,A Real Hero,College & Electric Youth,1
1029,spotify:track:75FEaRjZTKLhTrFGsfMUXR,Running Up That Hill (A Deal With God),Kate Bush,3
1030,spotify:track:7L3b6iaVhDVjfo52Hbvh9Z,Edge of Seventeen - 2016 Remaster,Stevie Nicks,0
1031,spotify:track:5sFyVIRlcXTi19DZCuTAsJ,Blinded by Science,Foreigner,3
1032,spotify:track:1ouBIucIMnlNWoh8WOtdAL,"Chi mai (From ""Maddalena"")",Ennio Morricone,2
1033,spotify:track:6ZeWGilCAL4sgnPWlCYyaj,All We Do,Oh Wonder,3
1034,spotify:track:3o1efQFC5ZYDUMHWXG8RD9,Au premier jour de la semaine - Laudes - Hymne,Keur Moussa,0
1035,spotify:track:2751ailJQITxLVnnASYvAD,Colours,Grouplove,3
1036,spotify:track:0Hyr2jPRwOQF8pf13n8eB1,Since I Left You,The Avalanches,1
1037,spotify:track:49iSYnIgA9P8EVH6M8uu2E,September Song,Agnes Obel,0
1038,spotify:track:0EHU3AEUIC6BRhvPSzJ3Kz,"La chanson de la pluie - De ""Bambi""/Bande Originale Française du Film",Chœurs - Bambi,1
1039,spotify:track:3tTwH5Ut4S1LuTRKUTcj1O,Drôle d'époque,Clara Luciani,1
1040,spotify:track:720ALyzJaCOQRVxNMdjwCO,Dors,Clara Luciani,3
1041,spotify:track:5zT5cMnMKoyruPj13TQXGx,I Found,Amber Run,0
1042,spotify:track:2QjOHCTQ1Jl3zawyYOpxh6,Sweater Weather,The Neighbourhood,0
1043,spotify:track:6XGnom5L3JiKGDHtB0hxBM,Take Me to Your Home,No Money Kids,1
1044,spotify:track:7HRv1sYuwgoea1m0JRvChV,GOLD,BROCKHAMPTON,3
1045,spotify:track:7jcxpBa2m9IJC0TTAN5ig6,Visions,Outlines,3
1046,spotify:track:0JBgcm4YbjZ656OkRRQJc9,Adiemus - 1999 New Version,"Karl Jenkins, Adiemus, BBC National Orchetra of Wales, BBC National Orchestra Of Wales",2
1047,spotify:track:0v0bUI02b1P9rtSDPAZ907,Live And Let Die - 04 Summer Tour Remix,Paul McCartney,0
1048,spotify:track:42JPUTDdlKju8LI8c0vlEp,Tu es partout,Pauline Croze,0
1049,spotify:track:33RQpC3Kj8SRYpUOYBWrjw,Endless Song,AaRON,3
1050,spotify:track:2iaCwsy9HDIVPczJJZ7mSe,Your Woman,White Town,3
1051,spotify:track:6Dry2J20K0oVUs8S9XaE90,Joga O Bum Bum Tam Tam,MC Fioti,3
1052,spotify:track:2DgMxFMUQRPthW4ROhjen1,SWEET,BROCKHAMPTON,3
1053,spotify:track:57ggb1Zku1AkPiC1aM9EQA,Love Lockdown,Kanye West,0
1054,spotify:track:2ncSnIMALMma33FRKNFHBz,Garçon,Koxie,2
1055,spotify:track:56sDOHIpTKRTtuJIsMcy5h,Ta meuf (la caille),Faf Larage,1
1056,spotify:track:5y69gQtK33qxb8a24ACkCy,A Thousand Miles,Vanessa Carlton,3
1057,spotify:track:2PblW8OleBJvl2DPRsWGha,When You Look At Me - Radio Edit,Christina Milian,3
1058,spotify:track:3xrn9i8zhNZsTtcoWgQEAd,Since U Been Gone,Kelly Clarkson,3
1059,spotify:track:68P5Km76IhVUsVyIVGBlSo,This Could Be Beautiful [it is],Metronomy,3
1060,spotify:track:0IWtEFQBwRHaMXZQtGEVcM,Wonderful Life,Black,3
1061,spotify:track:0ZTjo2BjVAicpu6LRusfeg,Lemon Boy,Cavetown,0
1062,spotify:track:20oi5EhM0vW6CLoOdFrLPD,She Was - Live,Camille,3
1063,spotify:track:3fCyJJC7etQJ4vsbfVRXaL,Te manquer,"Grand Corps Malade, Sandra Nkaké",3
1064,spotify:track:3kf3eObITPOg2SPD3R33fs,Je t'en remets au vent,Hubert-Félix Thiéfaine,1
1065,spotify:track:7s1DzPJmEPOEjPYGVblqJ8,Dead Again,Aṣa,2
1066,spotify:track:5iGjWxoXSlXd178QzLodvu,Walker - Album Edit,Cascadeur,3
1067,spotify:track:5Q7Z26cX90eA14VaVg3xtB,Cliffs Edge,Hayley Kiyoko,0
1068,spotify:track:6qlpXtA29VcxCNgLWR5IWx,Pour que tu m'aimes encore,Céline Dion,2
1069,spotify:track:46PIPQSUEmFqLQyq3r4QS4,Palace,Hayley Kiyoko,2
1070,spotify:track:098KHkooQ95mfdtdUJrRut,One Bad Night,Hayley Kiyoko,2
1071,spotify:track:4JGWvU4u9qUDZAUFWlwYzM,Pays Sauvage,Emily Loizeau,1
1072,spotify:track:1fEHVOUeiuOCkI24gUqqJl,Angola (20th Anniversary Edition),Cesária Evora,0
1073,spotify:track:0a9gVY9ogJKX24YajcBmS6,Champions League Theme,Champions League Orchestra,2
1074,spotify:track:33v5VeQ0I5sXEeB6jfVz9E,Sodade (20th Anniversary Edition),Cesária Evora,2
1075,spotify:track:4LzoQSvAFEhn1zeWMp6VEm,Farewell Sonata,Benjamin Clementine,2
1076,spotify:track:6miUySWi347iIJyz7ETo6m,Got My Mind Set On You - Extended Version,George Harrison,0
1077,spotify:track:0BAjUM6V9P9g8rK83hVUTJ,The Unforgiven,Metallica,2
1078,spotify:track:16TaUXIQwH4KKA7XysNZgK,"Take My Breath Away - Love Theme from ""Top Gun""",Berlin,0
1079,spotify:track:09rhbuz1SDS3Oru0zULlno,To Our Daughter (Lullaby),My Best Friend Jacob,2
1080,spotify:track:0QYd5fplGWHQwzaURHz8I0,Je te promets,Zaho,0
1081,spotify:track:5W4K6HXWMoCuH57v2HOkQc,Kif'n'dir,Zaho,0
1082,spotify:track:2D9dzHAQEy1hLYLYl8m0Fd,Get On The Road,Tired Pony,0
1083,spotify:track:23jTBtyPLLA6Ua5pkO1PyC,Azúcar Negra,Celia Cruz,2
1084,spotify:track:1qDrWA6lyx8cLECdZE7TV7,Somebody That I Used To Know,"Gotye, Kimbra",2
1085,spotify:track:5jk59pqGJBK5DsRQWZOzL7,Palladium,Brigitte,0
1086,spotify:track:6v6LOWCL5Q4cNfV6PDjPwD,Je Me Barre,Keny Arkana,3
1087,spotify:track:4NLZJcCIIUtDOWo2tPrHuB,Celle Qui A Dit Non,"Wallen, Shurik'n",3
1088,spotify:track:1nsqKzFsW88h2AGNMEUOHh,Dead Body,Little Simz,3
1089,spotify:track:53ItdHMkwgdwcEjBpNaEvF,I Walk Until,Yael Naim,0
1090,spotify:track:45iMwUi9OBJlEIsTJ4AStR,Not A Love Song,bülow,3
1091,spotify:track:2Px04J9GCpVbGtqlI3Sipm,Fine del film,Vincent Delerm,3
1092,spotify:track:5zZw8cn8WKoplKaeMPSvwi,The Good Side,Troye Sivan,3
1093,spotify:track:7lww2isyPbFugg7XMk4uDp,Tourner la page,Zaho,3
1094,spotify:track:7KbfRU8ToJ6PEu1rkiggzw,On the Road - Radio Edit,Hugo Barriol,1
1095,spotify:track:5Os7Z7SPgvZfBQp1zt4wEN,Water,Jack Garratt,3
1096,spotify:track:5P3yUXUC9rZPJPNmYGKEAz,Goner,Twenty One Pilots,2
1097,spotify:track:40sRwFjfrRnaTdYPJIg4CP,Hometown,Twenty One Pilots,2
1098,spotify:track:4Oyl6oYSNeeZZP0OAxPVaU,Message Man,Twenty One Pilots,2
1099,spotify:track:57yL3161hUMuw06zzzUCHi,Doubt,Twenty One Pilots,2
1100,spotify:track:6GmkJJMe9U1tEcrJ3Hq3A1,Polarize,Twenty One Pilots,2
1101,spotify:track:2P61EK6DMGyVyssLWS4fKy,Lane Boy,Twenty One Pilots,3
1102,spotify:track:7i9763l5SSfOnqZ35VOcfy,Heavydirtysoul,Twenty One Pilots,2
1103,spotify:track:38P9O1S6EuTic9Qfp82Qpa,U-Turn (Lili),AaRON,2
1104,spotify:track:2ex9Bgz3xSrB4aEWdKUcu8,Angel Dust,AaRON,1
1105,spotify:track:4RF6vO5SfMvxvoIP7DOaYP,Lost Highway,AaRON,3
1106,spotify:track:4AYV3zJDg3H7SgTUP5G98p,Le Tunnel D'or,AaRON,0
1107,spotify:track:3pcbw0pashUTBRcLk99iG0,Little Love,AaRON,2
1108,spotify:track:51cHLUyfdhGH2Od3fXfgpb,Last Night Thoughts,AaRON,3
1109,spotify:track:4gCmLimxn72CALDzhxTCr4,Le Tunnel D'or (Version Symphonique),AaRON,2
1110,spotify:track:5QqM8xrpJqZbTWvSr78CxG,Endless Song (Version Symphonique),AaRON,2
1111,spotify:track:51UC1yV79s4uxyIHs2ilYE,Tiimmy Turner - Remix,"Desiigner, Kanye West",0
1112,spotify:track:5vmRQ3zELMLUQPo2FLQ76x,Smalltown Boy,Bronski Beat,2
1113,spotify:track:0YA9Ofybww924Dy12PkaXq,Heart Of Glass - Crabtree Remix,"Blondie, Philip Glass, Jonas Crabtree",0
1114,spotify:track:3RjDNn71OdwCdoZLNbwMNA,Wonder,Soap&Skin,3
1115,spotify:track:5FfiXAmcC6FL2k6PQTZmzM,Roissy - (avec Jane Birkin),"Florent Marchet, Jane Birkin",3
1116,spotify:track:2PRpu5J2wRm74PzB0IijC4,Fade To Black - Remastered,Metallica,2
1117,spotify:track:0J3I49UdftZ6qSWZf6ItJs,Novocaine For The Soul,Eels,2
1118,spotify:track:52BUOdNI2TneBPq4EFOtAy,Sugar Man,Rodríguez,0
1119,spotify:track:0yKK9to5WLMT35x8dRU1W5,Hero,Family of the Year,3
1120,spotify:track:4rXsapBjwYiYffFPW7G4zr,Runaway,AURORA,3
1121,spotify:track:5v7Eh9qFbUPcjjF7xbLB7l,Airplanes,Local Natives,1
1122,spotify:track:3dNjUFt6EFU4Gq6Q5vfJqf,Girls Like Girls,Hayley Kiyoko,2
1123,spotify:track:6TpevwJsyb8eTTycGao0k7,What You Need,Flume,3
1124,spotify:track:2HkIsfudZs9v7YJo4Pr8kY,Hey,Izïa,0
1125,spotify:track:3dQKG6qs8sPtybezyfdUxc,Too Bright,Perfume Genius,3
1126,spotify:track:4vWeIrIQQrbThS11ogLTmu,War of Hearts,Ruelle,2
1127,spotify:track:6cy83P2limyzaFSl3OoQe0,"Towards The Sun - From The ""Home"" Soundtrack",Rihanna,0
1128,spotify:track:7l7jTJ7PP4XDVO3M9lcUYR,Take A Fall For Me,"James Blake, RZA",3
1129,spotify:track:3LM9Fim1brf4l7AbLHK5bL,Luna y sol,Manu Chao,3
1130,spotify:track:5wffYfKqMgurUDpFoBCNSl,Cosmic Dancer,T. Rex,2
1131,spotify:track:2HBeYwjvjb4pifQ9h1SRp1,Partons vite,Kaolin,3
1132,spotify:track:5kBOdszGtZDDhUZgq8Dz6Z,Tu es mon autre,"Lara Fabian, Maurane",3
1133,spotify:track:3Pas9u4vk4hKEIa5OtKRFF,Total Eclipse of the Heart,Bonnie Tyler,2
1134,spotify:track:0jCgiC6yOn6Vj9nGzOwsQ3,Shadow,Birdy,3
1135,spotify:track:1wjzFQodRWrPcQ0AnYnvQ9,I Like Me Better,Lauv,2
1136,spotify:track:1i14BqHS6UYOnyDIvPvatr,More Than This,Roxy Music,2
1137,spotify:track:2uDEst4D3pudz97dbxnSJm,True Care,James Vincent McMorrow,3
1138,spotify:track:6tBD4yjOf9P8rWwUlXdJFm,Have You Ever,Brandy,3
1139,spotify:track:4xFxK0FXmNlUDRgCaIQCVn,Here With Me,Dido,1
1140,spotify:track:7v4vFLq2syogKodEaMrpYe,To Me,Chet Faker,1
1141,spotify:track:4b1hVHiZrltoXPDskF0mCp,Don't Dream It's Over,The Head And The Heart,0
1142,spotify:track:6xLwpq74Od2hg00JvOIot4,Wish That You Were Here - From “Miss Peregrine’s Home for Peculiar Children” Original Motion Picture,Florence + The Machine,2
1143,spotify:track:63hX9QtDYzbhusLBf7fXTJ,Morning,Les Gordon,0
1144,spotify:track:6ElMYJHzi061PumWDnWtCe,It's in the Rain,Enya,0
1145,spotify:track:1ZyQGXH9dZ4AecevHhKUxi,World Gone Mad,Bastille,2
1146,spotify:track:2ZPw5uyVI5m1nSvjQYmf3j,Hayloft,Mother Mother,0
1147,spotify:track:3qGCIOFBW9LyuuSbIHVM1g,O Holy Night,Tracy Chapman,3
1148,spotify:track:4mNGNMcsoMS6F9SGycmHWM,Lonely,Akon,2
1149,spotify:track:1dOJtXmqzWgqAw5hX8CJdP,Five Minutes,Her,3
1150,spotify:track:0V8jGgK39sLsj2yAHHPigU,Go Outside,Cults,3
1151,spotify:track:6J6FXmYrMxg93mBxkugUlI,Easy,Son Lux,3
1152,spotify:track:3xn7cwof2Srt3CRjvLfrXa,Fear of the Water,SYML,1
1153,spotify:track:1A8v1TY2XzfFKdcSeebVbS,Some Needs,Rover,0
1154,spotify:track:2eMh8ISgK9dylE51SJUixA,My Friends Never Die,ODESZA,3
1155,spotify:track:0I4qrulZL44fkabgoOFVYk,Loveland - Studio Version,Milky Chance,2
1156,spotify:track:2p0Gd0LBUpqJkUC8ISdBjL,Stolen Dance,Milky Chance,3
1157,spotify:track:2374M0fQpWi3dLnB54qaLX,Africa,TOTO,2
1158,spotify:track:1JLn8RhQzHz3qDqsChcmBl,I Want to Know What Love Is - 1999 Remaster,Foreigner,1
1159,spotify:track:48p1tayyXF3eh8E3Y4pXmK,Genesis,Grimes,3
1160,spotify:track:41yIvlFgvGwxq8qTqAR7eG,Bloom - Bonus Track,The Paper Kites,1
1161,spotify:track:5xPQsTrT2LjidijK2Tzlxh,I'm Like A Bird,Nelly Furtado,1
1162,spotify:track:7oBkewca5RvLELoJCxZNT4,Please Come Back To Me,Adam Naas,2
1163,spotify:track:1YkTwF8v8tTj44vK52q7LB,Irruption,Gaël Faye,3
1164,spotify:track:4nvLzrVmgYprPttHDsuXL6,Tôt le matin,Gaël Faye,0
1165,spotify:track:3dYEGcrCYgUiwRcbXmkksx,Pills N Potions,Nicki Minaj,3
1166,spotify:track:5fJOwafDqPtACobyqgLVRg,Djôn'Maya,Victor Démé,0
1167,spotify:track:48psxWnIVYCPUZJKiuDiEf,The Man Who Sold The World,Nirvana,0
1168,spotify:track:30dahk4tve6wEBfM2aVgbh,It's Ok,Tom Rosenthal,1
1169,spotify:track:7i7vtLp7cLSoz1moXwxxEd,Pritouri Se Planinata,Bulgarian State Television Female Choir,2
1170,spotify:track:4qo5BUZx4IAdbmltMJAiKd,Tonight,Lykke Li,0
1171,spotify:track:5xhQChGGhKLWqBqX4XhtYE,Sail,AWOLNATION,2
1172,spotify:track:6xkAnyEoJ2VDZuh7xfdl3Z,Happy,MARINA,2
1173,spotify:track:6GyFP1nfCDB8lbD2bG0Hq9,Midnight City,M83,0
